<?xml version="1.0" encoding="iso-8859-1"?>
<article>
<date>Sat, 03 Sep 2005 11:29:16 GMT</date>
<auteur>Analyses et résultats du sondage SOFRES</auteur>
<titre>Mimer un signal nerveux pour pousser les sauterelles au suicide par noyade</titre>
<resume>Un comportement aberrant expliqué par l'analyse d'un "dialogue" moléculaire</resume>
<texte>
<phrase>Le parasite ne recule devant aucune perfidie pour asservir son hôte à ses desseins : faire grimper une fourmi au sommet des herbes.</phrase>
<phrase>Pourquoi ? Pour se faire brouter par un mouton et parvenir ainsi au foie de l'animal.</phrase>
<phrase>Autre stratégie : pousser un crustacé à nager à la surface, où il sera dévoré par un canard, sa cible finale.</phrase>
<phrase>Déformer les antennes d'un escargot pour qu'il serve d'appât à une mésange.</phrase>
<phrase>Et même pousser au suicide une sauterelle, afin de poursuivre son cycle dans les ruisseaux.Cette dernière tactique, employée par des vers, les nématomorphes, vient d'être analysée au niveau moléculaire par une équipe dirigée par Frédéric Thomas, du laboratoire Génétique et évolution des maladies infectieuses de Montpellier, associant des chercheurs du CNRS, de l'IRD et de l'INRA.</phrase>
<phrase>Le parasite, lorsqu'il passe du stade larvaire au stade adulte, oblige l'orthoptère (grillon ou sauterelle) dans lequel il a élu domicile, à se jeter à l'eau.</phrase>
<phrase>Il s'extirpe alors de son hôte, qui, s'il n'est pas dévoré par les grenouilles et les poissons, ou noyé, pourra reprendre son existence sautillante.Ce comportement a déjà été décrit (un film le retrace : http ://www.canal.ird.fr).</phrase>
<phrase>L'intérêt des nouveaux travaux, publiés dans les Proceedings of The Royal Society B , est d'avoir analysé la production de protéines dans le couple hôte-parasite avant, pendant et après le suicide.</phrase>
<phrase>Nous avons étudié le dialogue et les conflits moléculaires lors de cestrois étapes , explique Frédéric Thomas.La méthode ? Se placer le soir au bord d'une piscine à ciel ouvert, en bordure de forêt, retirer les suicidés de l'eau chlorée pour les plonger...</phrase>
<phrase>dans l'azote liquide.</phrase>
<phrase>En figeant l'activité biologique, on obtient différents clichés du protéome ­ l'ensemble des protéines synthétisées à un instant et dans un organe donné.</phrase>
<phrase>Ces instantanés montrent que le ver produit des molécules très proches des protéines synthétisées dans le système nerveux de l'insecte.</phrase>
<phrase>Ces substances neuro-actives mimétiques sont notamment impliquées dans l'activité des neurotransmetteurs, le rythme circadien et le sens de l'orientation des orthoptères.</phrase>
<phrase>Sans qu'on sache encore précisément lesquelles commandent le comportement de l'insecte.BOULIMIE INDUITELa confirmation ultime consistera à induire un comportement suicidaire chez des individus sains, par micro-injection de ces macromolécules , précise Frédéric Thomas.Le chercheur ne pense pas que l'infestation des criquets pèlerins par les nématomorphes puisse constituer un moyen de lutte biologique.</phrase>
<phrase>En effet, rappelle-t-il, les parasites stimulent l'appétit de leur hôte pour favoriser leur propre croissance .Mais les mécanismes de cette boulimie induite intéressent le chercheur, car ils sont à l'oeuvre chez des vecteurs ­ mouches tsé-tsé et moustiques ­ dont les parasites sont autrement redoutables que les nématomorphes.
</phrase></texte>
</article>
