<?xml version="1.0" encoding="iso-8859-1"?>
<article>
<date>Mon, 05 Sep 2005 12:04:56 GMT</date>
<auteur>Bénédicte Mathieu</auteur>
<titre>Edition : les mots et les tics de langage préférés des Français</titre>
<resume>L'institut de sondages TNS-Sofres publie l'étude commandée par Le Petit Larousse.</resume>
<texte>
<phrase>Les rêves et les sentiments n'ont souvent pas grand-chose à voir avec la réalité.</phrase>
<phrase>Un paradoxe bien connu que confirme une étude commandée à TNS-Sofres par Le Petit Larousse, publiée mercredi 31 août.A la question : Quels sont pour vous les mots ou expressions qui caractérisent les cinq dernières années ?, la première réponse est pessimisme, mot pour le moins évocateur cité par 13,6 % des sondés.</phrase>
<phrase>L'étude précise que 400 mots ont été utilisés pour répondre à cette question : Devant la richesse de cette matière brute, les réponses ont été regroupées par thème, afin d'en faciliter l'analyse.</phrase>
<phrase>Une quarantaine de thèmes ont pu ainsi être reconstitués.</phrase>
<phrase>La perception des dernières années est très noire.Après pessimisme, viennent notamment chômage (11,5 %), atteintes à l'environnement (10 %), difficultés (9,4 %), terrorisme (7,2 %).</phrase>
<phrase>Quelques expressions tempèrent cette tendance plutôt sombre : changement positif vient en troisième position (10,6 %), optimisme en sixième place (8,3 %).</phrase>
<phrase>Les femmes interrogées sont plus sensibles aux difficultés (11,2 %, contre 7,4 % pour les hommes), mais privilégient daventage l'optimisme (10,2 %, pour 6,3 % des hommes).</phrase>
<phrase>Ces derniers en revanche parlent plus de situation économique (9,2 %, contre 4,8 % des femmes).Dans les vingt thèmes utilisés, 11 % concernent une impression ressentie de changement positif, 8 % de citations franchement optimistes ou 7 % concernant le plaisir ou le bonheur éprouvé.</phrase>
<phrase>L'étude fait également état d'un large éventail consacré aux tics de langage et aux proverbes (7,1 %).</phrase>
<phrase>Dans cette catégorie, on trouve à plus, ça l'fait, à donf, fun, zen, reloud, chelou, ouf...APRبS LA PLUIE, LE BEAU TEMPSLa deuxième question est plus sereine : Quel est, selon vous, le plus beau mot de la langue française ? 38,1 % des personnes interrogées citent le mot amour.</phrase>
<phrase>Celui-ci l'est par 40 % des hommes interrogés et 36,3 % des femmes ­ - et devance très nettement aimer (4,7 %), liberté (4,5 %) et bonheur (3,1 %).</phrase>
<phrase>A noter que le mot anticonstitutionnellement pointe parmi les vingt premiers.</phrase>
<phrase>Parmi les 186 réponses, on trouve aussi coléoptère, concupiscence, dulcinée, hybride, ornithorynque.</phrase>
<phrase>Quelques expressions fleurissent : Après la pluie, le beau temps, Mieux vaut prévenir que guérir, et le plus improbable : C'est le jeu, ma pauvre Lucette.</phrase>
<phrase>Lucette saura que l'esperanto fait également partie de la liste.</phrase>
<phrase>L'esperanto ? Une langue créée en 1887 qui avait pour vocation de faire tomber la barrière des langues, indique l'étude, qui a été réalisée dans le cadre d'une enquête Omniphone, les 2 et 3 août 2005, auprès de 1 007 individus, de 15 ans ou plus, représentatifs de la population française.
</phrase></texte>
</article>
