<?xml version="1.0" encoding="iso-8859-1"?>
<article>
<date>Mon, 05 Sep 2005 12:20:50 GMT</date>
<auteur>Claire Guillot</auteur>
<titre>Photographie : Philip Blenkinsop a reçu le Visa d'or news pour son travail sur le tsunami</titre>
<resume>Le 17e festival Visa pour l'image s'est achevé le 3 septembre. James Hill et Jan Grarup ont respectivement eu le prix magazine et celui de la presse quotidienne internationale.</resume>
<texte>
<phrase>La semaine professionnelle du 17e festival Visa pour l'image de Perpignan s'est achevée le 3 septembre sur une soirée de projection au cours de laquelle Philip Blenkinsop (agence Vu) a reçu le Visa d'or news.</phrase>
<phrase>Le photographe, qui vit en Thaïlande, a été salué pour son travail sur le tsunami en Asie.Le Visa d'or magazine a été attribué à James Hill (New York Times), qui a photographié les suites de la prise d'otages à Beslan, tandis que le Visa d'or de la presse quotidienne internationale a été décerné au journal danois Politiken pour le reportage de Jan Grarup sur le Darfour.L'Américaine Linsey Addario a obtenu le prix Fujifilm pour son reportage sur les soldats américains blessés en Irak.</phrase>
<phrase>Le prix Canon de la femme photojournaliste est allé à la Mexicaine Claudia Guadarrama, qui a suivi les migrants du sud de son pays.</phrase>
<phrase>Enfin, le Grand Prix Care International du reportage humanitaire est allé à Juan Medina (Reuters), qui s'est penché sur les immigrants africains clandestins dans les îles Canaries.Cette édition 2005 a été marquée, pour les projections, par le passage au numérique.</phrase>
<phrase>Une première sans faux pas.</phrase>
<phrase>Cela valait le coup d'attendre pour être certain de la qualité, s'est félicité Jean-François Leroy, le directeur du festival.</phrase>
<phrase>D'autres innovations ont été moins heureuses, comme le débat (mal) organisé par l'agence Magnum sur l'intérêt récent des photographes pour les galeries d'art.</phrase>
<phrase>Un sujet pourtant actuel, le festival d'Arles comme celui de Perpignan ayant chacun fait place cette année à des photojournalistes en quête de formes nouvelles, de Geert van Kestern à Guillaume Herbaut.Côté expositions, l'Irak était en première ligne, avec des approches classiques ou décalées, comme l'exposition de Paul Fusco sur les enterrements de soldats américains.</phrase>
<phrase>Citons aussi d'intéressants retours en arrière, sur les travaux d'Heidi Bradner, David Burnett, Claude Dityvon.</phrase>
<phrase>Les expositions durent jusqu'au 11 septembre.
</phrase></texte>
</article>
