<?xml version="1.0" encoding="iso-8859-1"?>
<article>
<date>Thu, 08 Sep 2005 14:01:23 GMT</date>
<auteur>Propos recueillis par Véronique Mortaigne</auteur>
<titre>Carlos do Carmo : "Le fado est ouvert, il parle de la vie"</titre>
<resume>Le chanteur portugais est l'invité du Festival d'Ile-de-France.</resume>
<texte>
<phrase>Le très rare Carlos do Carmo, maître incontesté du fado moderne, est à Paris, invité du Festival d'Ile-de-France.</phrase>
<phrase>Né à Lisbonne en 1939, fils de Lucilia do Carmo, célèbre fadiste, cet enfant du quartier de Bica, sur les flancs du Bairro Alto, fit des études hôtelières à Genève.</phrase>
<phrase>En 1962, il prit la direction du Faia, la maison de fado familiale créée en 1947.</phrase>
<phrase>Il fête cette année quarante-deux ans d'une carrière troublée par les sursauts politiques portugais.Proche du Parti communiste, Carlos do Carmo a eu pour première vertu de démentir les liens entre le fado et la dictature mise en place en 1928, et détrônée par les Capitaines d'avril 1974.</phrase>
<phrase>Ouvert et traditionnel, éclectique, Carlos do Carmo a ainsi décomplexé la nouvelle génération du fado (Mariza, Camané...), enfants de David Bowie et d'Amalia Rodrigues.En 1964, votre succès vous vient d'un emprunt : celui d'Estranha Forma de Viver, un fado créé par Amalia Rodrigues, que vous enregistrez alors avec un orchestre.</phrase>
<phrase>Comment avez-vous osé ? J'aimais cette chanson, une musique d'Alfredo Marceneiro, sur laquelle Amalia avait écrit des paroles, sans l'avouer bien sûr.</phrase>
<phrase>Elle me l'a reprise ensuite.</phrase>
<phrase>Quant à l'orchestre, pourquoi pas ? La guitare portugaise était toujours là.</phrase>
<phrase>Et Alfredo Marceneiro (Alfredo Duarte, dit l'Ebéniste, 1891-1982) était un compositeur fabuleux, parfois très jazz.</phrase>
<phrase>Ses thèmes, courts, touchants, inspirés, me donnent à chaque fois des envies de voyages, de saxophones...</phrase>
<phrase>Il appartenait à une tradition ouvrière du fado.Le fado a subi longtemps la loi du silence.</phrase>
<phrase>C'est terminé : il y a maintenant le Musée du fado et de la guitare portugaise à Lisbonne.</phrase>
<phrase>J'aide à l'instruction du dossier de candidature du fado au rang de Patrimoine immatériel de l'humanité à l'Unesco.</phrase>
<phrase>C'est passionnant, des années d'enquête, avec des anthropologues, des historiens...</phrase>
<phrase>Parallèlement, nous avons trouvé chez un collectionneur anglais des milliers de disques de fado, dont certains datent de 1903.</phrase>
<phrase>Tout est remis en cause ! Et on en découvre tous les jours.</phrase>
<phrase>Par exemple, ces trois hommes, Harrington, Blacke et De Souza, qui furent à la base du fado social.</phrase>
<phrase>Ils avaient quitté leur foyer dans les années 1910 pour vanter les lendemains qui chantent...</phrase>
<phrase>Ainsi le fado, l'une des dernières traditions purement européennes, serait bien vivant...Tant qu'il y aura des artistes pour le chanter, le fado existera.</phrase>
<phrase>Depuis ses origines, il y a eu des cycles.</phrase>
<phrase>Des creux.</phrase>
<phrase>Des grandes voix, celles d'un siècle, comme Amalia.</phrase>
<phrase>Ses funérailles ont suscité une telle émotion au Portugal que les esprits de quelques jeunes femmes en ont été bouleversés au point d'oser chanter du fado.</phrase>
<phrase>Moi, je suis un homme, j'ai échappé à ce poids.</phrase>
<phrase>Les femmes ont commencé à en sortir par l'image - ­ le style, les habits, le maquillage.</phrase>
<phrase>Les hommes fadistes ont continué à s'habiller comme les ouvriers ­ - quand j'étais enfant, les chanteurs de fado étaient tous artisans ou ouvriers, et quittaient leur salopette pour le costume-cravate le soir.Et le châle des femmes ? Il n'y a pas qu'un fado, mais des fados.</phrase>
<phrase>Maria Teresa de Noronha (fadiste aristocrate) chantait sans châle.</phrase>
<phrase>Ma mère, dans les années 1940 et 1950, le portait de façon très particulière, comme une reine, le tenant de la main droite.</phrase>
<phrase>Le fado est paradoxal, contradictoire.</phrase>
<phrase>Il a été surchargé de préjugés par une partie de la gauche et de l'intelligentsia.</phrase>
<phrase>Puis il a été consommé par la bourgeoisie sans pour autant prendre de consistance.</phrase>
<phrase>La révolution de 1974 l'a maltraité.</phrase>
<phrase>Avec la chute de la dictature, le cinéma, toutes les musiques, la liberté ont mis le fado de côté.Après 1974, Amalia Rodrigues a souffert d'ostracisme un an et demi, et moi, j'ai souffert vingt ans.</phrase>
<phrase>J'étais nanti, et de gauche.</phrase>
<phrase>Le silence autour de mon travail a été assourdissant, en contradiction totale avec ma popularité.</phrase>
<phrase>Je le dis sans amertume.Le virage a été pris en 1994, quand Lisbonne a été capitale culturelle européenne.</phrase>
<phrase>J'ai alors présenté un récital de fado au Coliseu dos Recreios, avec trois générations de fadistes : Argentine, la doyenne, mes égaux en âge Beatriz da Conceçao et Antonio Rocha, et des jeunes, Camané, Dulce Pontes.</phrase>
<phrase>Puis le metteur en scène Ricardo Paes a créé une pièce de théâtre sur l'histoire du fado au Centre culturel de Belem.</phrase>
<phrase>Le décollage du nouveau fado date de cette époque.Qu'est-ce qu'être portugais aujourd'hui ? Le Portugal est entré dans la CEE sans y avoir été préparé.</phrase>
<phrase>On nous a dit qu'on allait appartenir au club des riches, c'est tout.</phrase>
<phrase>Il y a au Portugal un grand sentiment de dérive, du pessimisme.</phrase>
<phrase>Mais chez nous, quand on est coincé, on s'en sort toujours.Les fados parlent-ils des problèmes contemporains ? De l'émigration ? De la perte de l'empire ?Peu.</phrase>
<phrase>Les blessures restent trop présentes.</phrase>
<phrase>Le pays a été trop longtemps étouffé.</phrase>
<phrase>Le fado est ouvert, il parle de la vie, dénonce, parfois en alexandrins, la fragilité humaine en trois modes le fado menor (triste), le fado mouraria (positif), le fado corrido (joyeux et dansant).</phrase>
<phrase>Et puis, surtout, il y a le sentiment du fado, son mystère.Voix du fado : le 8 septembre, Carlos do Carmo, Aldina Duarte ; le 9, Katia Guerreiro, Pedro Moutinho ; le 10, Camané, Joana Amendoeira.</phrase>
<phrase>A 20 h 30 au Trianon, 80, bd Rouchechouard, Paris-18e.</phrase>
<phrase>Mo Anvers.</phrase>
<phrase>Tél.</phrase>
<phrase>: 01-58-71-01-01.</phrase>
<phrase>De 17 € à 20 €.</phrase>
<phrase>Dans le cadre des Trésors des pays lusophones, Festival d'Ile-de-France.</phrase>
<phrase>Jusqu'au 16 octobre.
</phrase></texte>
</article>
