<?xml version="1.0" encoding="iso-8859-1"?>
<article>
<date>Thu, 08 Sep 2005 12:10:37 GMT</date>
<auteur>Jérôme Fenoglio</auteur>
<titre>La mission Deep Impact permet de dresser un portrait inédit de comète</titre>
<resume>Que ceux qui avaient été choqués par cette intrusion de la violence dans l'astronomie se rassurent.</resume>
<texte>
<phrase>Que ceux qui avaient été choqués par cette intrusion de la violence dans l'astronomie se rassurent.</phrase>
<phrase>La comète Tempel 1 n'a pas souffert longtemps des effets de sa collision avec le boulet de cuivre que lui a adressé la sonde américaine Deep Impact, le 4 juillet.</phrase>
<phrase>Ni l'enthousiasme des populations terriennes (un milliard de connexions ont été enregistrées par le site web de la NASA lors de l'événement) ni la curiosité des scientifiques, qui l'ont observée sans relâche avec toutes sortes d'instruments, ne l'ont empêchée de se rendormir rapidement.</phrase>
<phrase>Dès le 9 juillet, Tempel 1 était redevenu ce corps céleste un peu amorphe, tel qu'il a traversé le système solaire, sans attirer l'attention, depuis des centaines de millions d'années.Pour la sonde, l'aventure continueDans l'espace comme ailleurs, rien ne se perd.</phrase>
<phrase>Surtout lorsque cela a coûté cher au contribuable américain.</phrase>
<phrase>La mission Deep Impact, d'un budget de 330 millions de dollars, ne devrait donc pas prendre fin avec l'envoi réussi d'un impacteur sur Tempel 1.</phrase>
<phrase>Le reste de la sonde, qui a filmé les opérations à distance, n'a aucunement souffert de la collision et demeure en parfait état de marche.</phrase>
<phrase>La NASA a donc décidé de l'utiliser pour une nouvelle mission d'exploration d'une autre comète.En juillet, elle a été placée sur une orbite qui lui permet de ne pas s'éloigner de la Terre.</phrase>
<phrase>Là, elle attendra que sa cible soit sélectionnée parmi les candidates potentielles.</phrase>
<phrase>La sonde, équipée de caméras, pourrait alors jouer à son tour les kamikazes en s'écrasant sur sa comète.Ceux qui espéraient un feu d'artifice de longue durée, un flot de révélations sur les premiers âges de notre coin d'univers, dont les comètes ont été les témoins privilégiés, devront donc en rabattre.</phrase>
<phrase>En l'état actuel de l'analyse des données collectées, qui est loin d'être achevée, le choc n'a pas fondamentalement ébranlé nos connaissances.</phrase>
<phrase>Avec son lot de surprises et ses conséquences encore inexpliquées, il n'en a pas moins permis de brosser le portrait de comète le plus précis jamais réalisé.Trois études, à paraître dans le magazine Science du vendredi 9 septembre, résument ces découvertes.</phrase>
<phrase>La première a été rédigée par les initiateurs américains du projet, d'après les mesures prises par les instruments embarqués sur la sonde restée en retrait et sur l'impacteur envoyé au suicide.</phrase>
<phrase>Un autre article rassemble un nombre impressionnant de signataires, issus des 70 télescopes au sol coordonnés dans une campagne d'observation d'une ampleur inédite.</phrase>
<phrase>Le troisième émane de l'équipe de la sonde européenne Rosetta, qui a assisté aux faits sur la route de sa propre rencontre avec la comète Churyumov-Guerassimenko en 2014.Tous sont d'accord pour affirmer que le boulet de Deep Impact a principalement rencontré...</phrase>
<phrase>du vide.</phrase>
<phrase>75 à 80 % de la comète sont composés d'espace vide , a estimé Michael A'Hearn de l'université du Maryland, responsable scientifique de la mission, lors d'une conférence de presse, mardi 6 septembre.</phrase>
<phrase>Et je ne crois pas que l'on puisse trouver une couche réellement solide dans ses profondeurs.</phrase>
<phrase>De fait, si l'on tient à la métaphore neigeuse en usage, ce n'est plus à une boule façonnée par les mains d'un enfant qu'il faudrait comparer Tempel 1, mais plutôt à une plaque de poudreuse.Floconneuse selon un expert, en état d'effritement selon un autre, la comète apparaît comme un tas de microparticules, d'une taille bien inférieure à celle des grains de sable, liées entre elles par une gravité très faible.</phrase>
<phrase>Ces poussières ont été éjectées lors de l'impact en quantités bien trop importantes pour que la violence de la collision ait pu les fabriquer.</phrase>
<phrase>Elles étaient là avant.</phrase>
<phrase>De leur vitesse d'éjection dans l'espace, les astronomes ont déduit une estimation de la densité de l'astre, la plus fiable à ce jour : à peine plus de la moitié de celle de l'eau.RشLE DE BOUCLIERLa consistance spongieuse de Tempel 1 n'exclut pas toutefois l'existence d'une diversité de couches.</phrase>
<phrase>La surface semble recouverte, de manière assez homogène, par une fine poussière, semblable à un talc aussi charbonneux que le nôtre est blanc.</phrase>
<phrase>Lorsque la comète se rapproche du Soleil, cette couche joue le rôle de bouclier protégeant les particules glacées de l'intérieur.</phrase>
<phrase>La porosité de Tempel 1 contribue à dissiper très vite la chaleur, qui ne parvient que très difficilement jusqu'au coeur de l'astre.Le nuage soulevé par le boulet de cuivre était beaucoup plus riche de cette poussière que du gaz habituellement rejeté vers la queue de la comète lors des éruptions provoquées par la proximité du Soleil.</phrase>
<phrase>C'est l'opacité de ce panache, artificiellement provoqué par l'homme, qui a empêché d'estimer la taille du cratère creusé par l'impact, ainsi que sa profondeur.</phrase>
<phrase>Michael A'Hearn pense toutefois qu'il a dû au moins s'enfoncer sur une dizaine de mètres.Sur les dernières images envoyées par l'impacteur, les experts ont en revanche nettement discerné d'autres cratères.</phrase>
<phrase>Ils n'ont pour l'instant pu les attribuer à une autre cause qu'une rencontre brutale avec un corps céleste.</phrase>
<phrase>Cette conclusion les perturbe néanmoins, car Tempel 1 serait ainsi la toute première comète approchée par l'homme à présenter de telles traces de collision.</phrase>
<phrase>Pourquoi les autres astres de la même famille auraient-ils été préservés de cette violence astrale ? Nul ne le sait.Sous la poussière, les glaces ne doivent pas être loin , assure M.</phrase>
<phrase>A'Hearn.</phrase>
<phrase>De fait, les instruments d'observation déployés sur Terre et dans l'espace ont perçu un dégagement de vapeur d'eau tout de suite après l'impact, ce qui signifie que des particules glacées ont très vite été sublimées (transformées en gaz) par l'explosion.</phrase>
<phrase>Les spectromètres ont également identifié des particules organiques dont l'abondance pourrait constituer la principale surprise de la mission.Ces molécules contenant du carbone ont déjà été aperçues dans la composition chimique d'autres comètes.</phrase>
<phrase>L'inattendu, sur Tempel 1, provient de la quantité de ces matières qui constituent les briques élémentaires de la vie.</phrase>
<phrase>S'il était avéré, ce constat pourrait renforcer l'hypothèse selon laquelle les comètes auraient apporté sur Terre les ingrédients indispensables à l'émergence des êtres vivants.</phrase>
<phrase>Pour l'heure, il convient de rester prudent.</phrase>
<phrase>Les analyses de ce type d'abondances sont très complexes, explique Jacques Crovisier, de l'Observatoire de Paris-Meudon.</phrase>
<phrase>Trop peu d'éléments encore ont été étudiés pour tirer des conclusions définitives.</phrase>
<phrase>D'autres missions seront indispensables : le grand spectacle de Deep Impact est loin d'avoir dévoilé tous les mystères des comètes.
</phrase></texte>
</article>
