<?xml version="1.0" encoding="iso-8859-1"?>
<article>
<date>Fri, 09 Sep 2005 16:52:03 GMT</date>
<auteur>Marc Roche</auteur>
<titre>Miracle : le cricket est devenu en Angleterre po-pu-lai-re</titre>
<resume>Lisez l'intégralité de l'article pour plus d'information.</resume>
<texte>
<phrase>h, mon Dieu, si je dois mourir aujourd'hui, faites que ce soit après la fin de la partie ! : comme l'atteste le poème, publié dans le Times, de l'ancien premier ministre John Major, l'exploit de l'équipe d'Angleterre, qui dispute, depuis le 8 septembre, au stade londonien d'Oval, la cinquième et dernière manche du tournoi des Ashes (cendres) contre l'Australie, a mis le feu au pays.</phrase>
<phrase>Après une bien longue attente ­ seize ans ­, l'espoir d'un retour de la petite urne renfermant les restes d'un wicket, sorte de trépied incinéré en 1882 lorsque, pour la première fois, la puissance impériale s'était inclinée devant sa colonie, a eu raison de la retenue liée à ce jeu proche du base-ball.Dans les bureaux de la City, les bus ou les salons de thé, on n'entend plus parler que des exploits d'Andrew Flintoff, star de la batte, qui a chassé le footballeur David Beckham de son piédestal.</phrase>
<phrase>Riches et pauvres, jeunes et vieux, toutes couleurs et religions confondues, vibrent à l'unisson de Kevin Pietersen, dont le tatouage sur le biceps des trois lions de l'équipe d'Angleterre est désormais à la mode.</phrase>
<phrase>Calicots, petits drapeaux, copies de l'urne en vitrine, sur les façades et dans la rue, danses hystériques de supporteurs et débauche de superlatifs dans les journaux : pour les éditorialistes, il s'agit de l'événement sportif le plus important depuis la finale de la Coupe du monde de foot, en 1966 à Wembley, remportée par l'Angleterre.Les matches, retransmis en direct sur Channel Four, sont suivis devant le poste de télévision par 8 à 10 millions de personnes.</phrase>
<phrase>Au marché noir, les billets se vendent jusqu'à cinq fois le prix officiel.</phrase>
<phrase>Des appartements offrant une vue sur la pelouse sacrée sont loués 23 000 livres la petite semaine.</phrase>
<phrase>Le bookmaker en ligne Betfair accepte les paris les plus insolites.Comment expliquer cette nouvelle ferveur quasi religieuse pour un sport longtemps réservé à la gent aisée et aux collèges privés ? Pour les experts, le cricket sert d'antidote aux récentes humiliations subies par l'équipe nationale d'Angleterre de foot lors des qualifications au Mondial 2006 ainsi qu'à l'overdose de matches à la télévision.</phrase>
<phrase>Les Ashes jettent aussi un voile sur les revers des rugbymen champions du monde en titre lors du dernier tournoi des Cinq Nations et les déculottées subies par les tennismen, nageurs et athlètes d'Albion.</phrase>
<phrase>Le vénérable cricket est devenu un pactole convoité par les sponsors et industriels, qui exploitent cette nouvelle poule aux œufs d'or.
</phrase></texte>
</article>
