<?xml version="1.0" encoding="iso-8859-1"?>
<article>
<date>Sat, 10 Sep 2005 12:24:44 GMT</date>
<auteur>Jérôme Fenoglio</auteur>
<titre>Le cyclone Katrina complique le retour en vol de la navette spatiale</titre>
<resume>Les dégâts pourraient contraindre la NASA à renoncer à la fenêtre de tir en mars 2006.</resume>
<texte>
<phrase>Les mauvaises nouvelles s'abattent sur la navette spatiale avec un acharnement qui finirait presque par paraître suspect.</phrase>
<phrase>Aux anomalies apparues durant le retour en vol de Discovery, du 26 juillet au 9 août, s'ajoutent depuis quelques jours les dégâts causés par le cyclone Katrina à deux centres cruciaux pour le programme américain, situés près de La Nouvelle-Orléans (Louisiane).Ces nouveaux déboires empêchent aujourd'hui la NASA de disposer de la moindre certitude sur le maintien du prochain lancement en mars 2006, comme le prévoyait le nouveau calendrier des vols.</phrase>
<phrase>Une note interne à l'agence évoque même un report du tir à la fin de 2006.</phrase>
<phrase>Mais, c'est là que les soupçons commencent, cette dramatisation peut aussi aider les Américains à faire avaler à leurs partenaires des compromis sur la construction de la station spatiale internationale (ISS), dont le planning sera discuté en octobre.Pour l'heure, une chose est certaine : dans cette période capitale pour son avenir, la NASA se serait bien passée de voir ses dilemmes budgétaires encore alourdis par les conséquences du passage de Katrina.</phrase>
<phrase>La violence du cyclone pourrait lui coûter, ainsi qu'à ses partenaires industriels, un milliard de dollars.</phrase>
<phrase>Au centre spatial Stennis (Mississippi), qui teste les moteurs principaux de la navette, 200 des employés ont perdu leur logement à cause de la montée des eaux.La situation est toutefois beaucoup plus inquiétante à l'usine d'assemblage de Michoud, dans la banlieue est de La Nouvelle-Orléans, mise à disposition de la firme Lookheed-Martin.</phrase>
<phrase>Une partie du toit du bâtiment principal s'est effondrée, même si le reste des hangars semble intact.</phrase>
<phrase>Le rétablissement de l'alimentation en électricité pourrait prendre des semaines.</phrase>
<phrase>Surtout, la société était sans nouvelles, jeudi 8 septembre, de la moitié des 2 000 employés du site.</phrase>
<phrase>Le relogement de ces personnels dans une ville en grande partie détruite sera particulièrement délicat.Or l'usine de Michoud était au centre des modifications à apporter à la navette.</phrase>
<phrase>C'est là que Lookheed-Martin fabrique le réservoir externe de l'avion spatial avant de le faire naviguer sur des barges jusqu'aux côtes de Floride, en vue des lancements du Centre spatial Kennedy.</phrase>
<phrase>Les débris de mousse isolante arrachés à cet énorme cylindre avaient causé la perte de Columbia et de ses sept membres d'équipage en février 2003.</phrase>
<phrase>Deux ans et demi plus tard, malgré 4,5 milliards de dollars d'améliorations, le problème s'est répété, dans des proportions moindres, lors du départ de Discovery.</phrase>
<phrase>Les techniciens de Michoud étaient chargés de le régler avant toute reprise des vols.</phrase>
<phrase>Comment parvenir, désormais, à tenir l'échéance de mars 2006 ?RةDUCTION DRASTIQUEJeudi 8 septembre, William Gerstenmaier, responsable des opérations spatiales de la NASA, avouait son impuissance à proposer un calendrier plausible.</phrase>
<phrase>Les modifications du réservoir externe pourraient être menées par différents sites, dont celui du Centre spatial Kennedy.</phrase>
<phrase>Il s'est contenté de qualifier de très préliminaires et d'informelles les prédictions contenues dans une note interne de la NASA rendue publique par plusieurs sites Web américains.Dans ce texte, le directeur du programme des navettes, Wayne Hale Jr, évoque le risque d'un report de la reprise des vols à la fin de 2006.</phrase>
<phrase>Katrina n'y est même pas pour grand-chose : un lancement de Discovery en mars n'était, de toute manière, pas faisable avant même que l'ouragan ne vienne bouleverser le paysage.</phrase>
<phrase>Ce diagnostic précyclonique n'envisageait que le mois de mai comme première échéance.Ces retards compliqueraient encore un peu plus l'assemblage de l'ISS auquel les Américains sont tenus par un accord international.</phrase>
<phrase>Les navettes sont les camions indispensables à ce chantier, avant leur mise à la retraite fin 2010.</phrase>
<phrase>Aux Etats-Unis, ces délais alimenteront le vent forcissant des critiques qui réclament le retrait immédiat de ces engins trop coûteux et trop dangereux.</phrase>
<phrase>Fin août, le patron de la NASA, Michael Griffin, a écarté cette solution.</phrase>
<phrase>Mais il peut aussi chercher à retourner la mauvaise fortune à son avantage.</phrase>
<phrase>En expliquant à ses partenaires dans l'ISS, principalement européens et japonais, que, décidément, le sort s'acharne sur la navette, que sa bonne volonté n'en peut mais, et qu'il est temps de se résigner à une réduction drastique du nombre de vols vers la station.
</phrase></texte>
</article>
