<?xml version="1.0" encoding="iso-8859-1"?>
<article>
<date>Mon, 12 Sep 2005 11:52:20 GMT</date>
<auteur>Adeline Cordon</auteur>
<titre>Agassi plie face au meilleur joueur qu'il ait affronté</titre>
<resume>Lisez l'intégralité de l'article pour plus d'information.</resume>
<texte>
<phrase>Roger Federer saute de joie.</phrase>
<phrase>Le Suisse, numéro un mondial, vient de s'imposer pour la deuxième année d'affilée sur le ciment américain de Flushing Meadow, dimanche 11 septembre, à New York.</phrase>
<phrase>Face à lui, Andre Agassi, no 7 mondial, a le visage fermé.</phrase>
<phrase>Il vient de voir s'envoler son rêve de remporter un neuvième tournoi du Grand Chelem.Kim Clijsters s'impose face à Mary PierceLa Belge de 22 ans Kim Clijsters (no 4) a gagné son premier titre du Grand Chelem, samedi 10 septembre, en battant la Française Mary Pierce (no 12) en deux sets (6-3, 6-1).</phrase>
<phrase>Kim Clijsters, qui disputait sa cinquième finale d'un tournoi du Grand Chelem, s'est imposée pour la première fois, de manière expéditive, en 65 minutes.</phrase>
<phrase>Mary Pierce, déjà dominée lors de la finale de Roland-Garros cette année par une autre Belge, Justine Henin-Hardenne, a vu une nouvelle fois ses espoirs de gagner un troisième tournoi du Grand Chelem s'envoler.</phrase>
<phrase>Dépassée pendant tout le match, elle a commis 28 fautes directes.</phrase>
<phrase>Kim Clijsters remporte aussi les US Open Series, récompensant la meilleure joueuse sur les épreuves américaines de l'été.</phrase>
<phrase>Une double victoire qui lui vaut de décrocher le plus gros gain de l'histoire du sport féminin : 2,2 millions de dollars.Il peut cependant se consoler en se rappelant qu'il est, à l'âge de 35 ans, le plus vieux finaliste de l'US Open depuis l'Australien Ken Rosewall ­ âgé de 39 ans lors de sa finale perdue face à Jimmy Connors, en 1974.</phrase>
<phrase>Il se rassure aussi en se disant qu'il a été battu par plus fort que lui.</phrase>
<phrase>Roger Federer est le meilleur joueur que j'aie affronté dans ma carrière.</phrase>
<phrase>(...) Pete Sampras était un joueur fabuleux, mais je savais ce que je devais faire contre lui.</phrase>
<phrase>Il y avait des points sur lesquels on pouvait l'attaquer.</phrase>
<phrase>Ce n'est pas le cas contre Federer.L'Américain n'a pourtant pas à rougir de sa défaite (3-6, 6-2, 6-7 -1-7-, 1-6).</phrase>
<phrase>Pendant les trois premiers sets, Andre Agassi a fait douter le n؛ 1 mondial, surnommé le génie pour la qualité de son tennis.</phrase>
<phrase>Fort de ses 22 finales victorieuses d'affilée et de son invincibilité lors des cinq finales du Grand Chelem qu'il a disputées en un peu plus de deux ans, le Suisse Roger Federer semblait confiant.Dès le début du match, la qualité de son service (19 aces et 76 % de réussite sur la première balle) et sa manie de jouer avec les lignes lui permettent de remporter son premier jeu de service, puis la première manche (6-3), non sans avoir douté face à Andre Agassi, qui a sauvé 7 balles de set.La logique semble respectée.</phrase>
<phrase>Mais le Kid de Las Vegas ne l'entend pas ainsi.</phrase>
<phrase>Certes, le deuxième set commence difficilement pour le vétéran du circuit, mis en danger dès son premier jeu de service.</phrase>
<phrase>Mais l'Américain ne tarde pas à réagir et, après avoir gagné son service, il prend celui de Roger Federer.</phrase>
<phrase>La confiance change de camp.</phrase>
<phrase>Alors que le no 1 mondial enchaîne les aces, Andre Agassi flirte avec les lignes.</phrase>
<phrase>Une stratégie qui lui permet, alors que tout semble lui réussir à ce moment du match, de remporter la deuxième manche (6-2).L'Américain continue sur sa lancée dans le troisième set, mais il est rapidement stoppé par Roger Federer, qui parvient enfin à déployer toutes les facettes de son jeu : amorties, services slicés...</phrase>
<phrase>Les échanges se font de plus en plus longs et les deux joueurs prennent respectivement le service de l'autre.</phrase>
<phrase>La manche se conclut par un tie-break remporté aisément (7-1) par Roger Federer.</phrase>
<phrase>C'est le moment-clé du match.</phrase>
<phrase>Le niveau du troisième set était très élevé , a pu apprécier Agassi.L'Américain semble alors accuser la fatigue, due sans doute aux trois matches en cinq sets qu'il a disputés avant d'arriver en finale.</phrase>
<phrase>Roger Federer profite de cette baisse de régime pour enchaîner les jeux, jusqu'à ce qu'un sursaut d'orgueil permette à Andre Agassi de sauver deux balles de match et de remporter sa mise en jeu avant de s'incliner 6-1 dans la 4e manche.Le choc des générations a donc vu le plus jeune s'imposer.</phrase>
<phrase>Roger Federer, 24 ans, n'avait que 11 ans lorsque Andre Agassi, auparavant remarqué pour son accoutrement excentrique (short en jeans et cheveux longs décolorés), remportait, en 1992, le premier tournoi du Grand Chelem de sa carrière, à Wimbledon.</phrase>
<phrase>Cette victoire avait marqué le début d'une longue série.</phrase>
<phrase>L'Américain totalise aujourd'hui huit victoires dans les tournois du Grand Chelem (un succès à Wimbledon et à Roland-Garros, deux à l'US Open et quatre à l'Open d'Australie).</phrase>
<phrase>Il a occupé la place de n؛ 1 mondial pendant 101 semaines, d'avril 1995 à juin 2003 et remporté 17 victoires dans les tournois Master Series.Malgré un début d'année 2005 difficile à cause de douleurs chroniques au dos, qui l'ont empêché de franchir le premier tour au tournoi de Roland-Garros et l'ont contraint au forfait à Wimbledon, il réalise une meilleure fin de saison.</phrase>
<phrase>Vainqueur cet été du tournoi de Los Angeles, il a ensuite été défait en finale du Master Series de Montréal par l'Espagnol Rafael Nadal.Roger Federer n'a pas manqué d'affirmer tout son respect pour Andre Agassi après sa victoire : Il a fait un super match.</phrase>
<phrase>C'est une légende vivante.</phrase>
<phrase>Lui est à la fin de sa carrière et moi au sommet de mon art.</phrase>
<phrase>Le Suisse réalise de son côté une saison exceptionnelle, battu seulement par trois joueurs cette année : Marat Safine à l'Open d'Australie, en demi-finales, Richard Gasquet au tournoi de Monte-Carlo (quarts de finale) et Rafael Nadal à Roland-Garros (demi-finales).Seul le tournoi parisien manque encore au palmarès de Roger Federer.</phrase>
<phrase>Une victoire sur la terre battue lui permettrait de rejoindre Andre Agassi, seul et unique joueur à avoir gagné les quatre tournois du Grand Chelem sur des surfaces différentes depuis le début de l'ère open, en 1969.
</phrase></texte>
</article>
