<?xml version="1.0" encoding="iso-8859-1"?>
<article>
<date>Mon, 12 Sep 2005 11:56:58 GMT</date>
<auteur>Catherine Bédarida</auteur>
<titre>Jean-Marie Sevestre, libraire et PDG</titre>
<resume>Ce passionné de littérature est aussi un homme d'affaires : les 663 nouveaux titres de la rentrée sont en rayon, prêts à être défendus par ses 115 salariés.</resume>
<texte>
<phrase>En ce début septembre à Montpellier, les cartons de livres arrivent chaque jour par centaines chez Sauramps, deuxième librairie indépendante de France.</phrase>
<phrase>Une dizaine de personnes sont mobilisées pour les ouvrir et indexer les ouvrages.</phrase>
<phrase>Six cent soixante-trois titres nouveaux paraissent à cette rentrée : nous les aurons presque tous en rayon, affirme le libraire Jean-Marie Sevestre, PDG de l'entreprise.</phrase>
<phrase>Pour ceux dont nous ne savons pas grand-chose, nous avons commandé au moins un exemplaire.</phrase>
<phrase>Pour Houellebecq, nous en avons pris mille.Biographie1949 Naissance à Saussan (Hérault).1997 Participe à la fondation du Syndicat de la librairie française.2004 Parcourt à pied 800 km sur le chemin de Saint-Jacques-de-Compostelle.2005 Célèbre les soixante ans de la librairie Sauramps.</phrase>
<phrase>
 Homme de lettres et homme de chiffres, Jean-Marie Sevestre s'exprime en alignant les comptes.</phrase>
<phrase>Sa librairie propose 135 000 titres, répartis sur 1 000 rayons thématiques.</phrase>
<phrase>De son bureau vitré, au coeur du magasin, il pilote la rentrée littéraire, le nez sur les tableaux de bord.</phrase>
<phrase>Instant d'abandon,le roman de Philippe Besson, démarre fort.</phrase>
<phrase>Nous en avions pris une centaine.</phrase>
<phrase>Il faut prévoir le réassort.</phrase>
<phrase>Pour d'autres titres, nous en sommes déjà à la deuxième commande : Magnus, de Sylvie Germain,ou Waltenberg, d'Hédi Kaddour.</phrase>
<phrase>Au fil de ses trente-cinq années consacrées au commerce du livre, la logistique de rentrée de Jean-Marie Sevestre s'est affinée.</phrase>
<phrase>Son compte à rebours démarre plusieurs mois à l'avance.</phrase>
<phrase>Dès le printemps, les éditeurs envoient leurs programmes pour l'automne.</phrase>
<phrase>En mai, la librairie commence à recevoir les épreuves des nouveautés.</phrase>
<phrase>Les représentants des maisons d'édition, grandes ou petites, viennent défendre leurs titres.</phrase>
<phrase>Ils ont des consignes de leur direction pour pousser tel ou tel auteur.Nousconfrontons leurs choix aux nôtres car, avec mon équipe de libraires, nous disposons d'autres éléments d'appréciation.Le libraire et ses collaborateurs ont lu à eux tous les quelque 90 premiers romans de cet automne.</phrase>
<phrase>Les premiers romans, ceux qui permettent de découvrir un nouvel écrivain, sont le fleuron d'une rentrée littéraire.</phrase>
<phrase>Ils ménagent la surprise, ingrédient indispensable pour exciter la curiosité du public, l'engouement de la critique.L'équipe de Sauramps en a sélectionné une trentaine : On leur consacre une table spéciale dans le magasin : un premier roman, s'il n'est pas bien visible, a peu de chances d'être acheté.</phrase>
<phrase>Pour l'ensemble des nouveautés, aux lectures effectuées par le personnel, s'ajoutent les contacts tissés au fil des ans avec les écrivains, les échanges avec les confrères d'autres villes ainsi que la masse de données disponibles dans la presse ou sur Internet.Jean-Marie Sevestre ne croit pas qu'il se publie trop de titres à chaque rentrée.</phrase>
<phrase>En littérature étrangère, par exemple, je vois tout le temps des découvertes incroyables, pas seulement chez les Anglo-Saxons.</phrase>
<phrase>Cette année, j'ai apprécié les nouveaux auteurs russes ou encore les Brésiliens.</phrase>
<phrase>Un écrivain tel Chico Buarque a été une révélation, et nous avons vendu son livre, Budapest, par centaines.</phrase>
<phrase>La production lui semble même trop faible dans des domaines comme les sciences humaines.Jean-Marie Sevestre est tombé dans la marmite du livre à l'âge de 20 ans.</phrase>
<phrase>Enfant du pays, il est né à Saussan, un village de vignes proche de Montpellier, au coeur du Midi rouge.</phrase>
<phrase>Ses parents sont viticulteurs : Ils n'avaient pas fait d'études, mais ils m'ont mis très tôt des livres entre les mains.</phrase>
<phrase>Ils le poussent ensuite à s'inscrire en fac de droit : le jeune homme se verrait plutôt professeur de latin et de grec, mais il passe son bac en 1968, et, en cette rentrée de grèves, la fac de lettres est fermée.</phrase>
<phrase>Pour financer ses études, il saisit un job d'étudiant chez Sauramps, petit établissement qui porte le nom de son fondateur, un imprimeur d'Angoulême réfugié à Montpellier pendant la guerre.</phrase>
<phrase>Après-guerre, le poète Pierre Torreilles, gendre de l'imprimeur, a ouvert une librairie consacrée à la littérature et aux beaux-arts, qui s'impose comme le rendez-vous intellectuel de la région.</phrase>
<phrase>Jean-Marie Sevestre y fait ses débuts.</phrase>
<phrase>Rapidement, il développe les contacts avec l'université puis avec les auteurs.</phrase>
<phrase>Chaque mois, il propose plusieurs rencontres avec des écrivains : plutôt que de simples signatures, ces débats permettent au public de découvrir les oeuvres.</phrase>
<phrase>La librairie joue ainsi un rôle d'animation culturelle dans une région globalement sous- équipée.Malgré les tâches de gestion, Jean-Marie Sevestre n'a pas délaissé sa passion de la lecture.</phrase>
<phrase>Il lit beaucoup pendant les vacances, de préférence des romans.</phrase>
<phrase>Cet été, il a particulièrement aimé ceux de Marie Redonnet (Diego), Philippe Toussaint (Fuir), Denis Lachaud (Le Vrai est au coffre).</phrase>
<phrase>J'ai découvert la très belle écriture d'Emmanuelle Pagano, une jeune romancière qui publie son premier livre, Le Tiroir à cheveux.Aujourd'hui, la librairie, au coeur du quartier commercial du Polygone, emploie 115 salariés.</phrase>
<phrase>Elle a ouvert une annexe dédiée à la littérature enfantine et une antenne à Alès (Gard).</phrase>
<phrase>En 2006, quand le Musée Fabre de Montpellier rouvrira ses portes, après travaux, Sauramps y tiendra la librairie.</phrase>
<phrase>En 2008, le futur centre commercial Odysseum devrait aussi abriter un espace Sauramps.</phrase>
<phrase>Le succès de l'entreprise fait parfois grincer des dents, et certains professionnels du livre reprochent à Jean-Marie Sevestre de cultiver une trop grande proximité avec le pouvoir politique régional, en vue de bénéficier des marchés publics.</phrase>
<phrase>Cette année, nous n'avons même pas répondu aux appels d'offres, rétorque le PDG.</phrase>
<phrase>Sur les marchés publics, les marges sont tellement faibles que ça ne rapporte presque rien.En 2006, la maison doit célébrer son soixantièmeanniversaire.</phrase>
<phrase>Dès cet automne, elle propose une rencontre avec Jane Fonda, qui sort son autobiographie (Ma vie), et un débat avec Isabelle Huppert : en septembre, la comédienne est à Montpellier pour la pièce 4.48 Psychose, de Sarah Kane, mise en scène par Claude Régy.</phrase>
<phrase>Avec ces deux invitées, une militante féministe et écologiste et une actrice venue défendre l'oeuvre de la jeune auteure dramatique anglaise dont les pièces abordent les crises les plus violentes du monde contemporain, Jean-Marie Sevestre marque son engagement : la librairie est certes un commerce, mais elle reste avant tout le lieu d'un combat culturel.
</phrase></texte>
</article>
