<?xml version="1.0" encoding="iso-8859-1"?>
<article>
<date>Fri, 16 Sep 2005 12:06:53 GMT</date>
<auteur>Jérôme Fenoglio</auteur>
<titre>Une sonde japonaise va tenter de ramener les premiers échantillons d'astéroïde sur Terre</titre>
<resume>Débutants de l'exploration spatiale, les Japonais ont encore tout à apprendre en matière de communication sur leurs hauts faits.</resume>
<texte>
<phrase>Débutants de l'exploration spatiale, les Japonais ont encore tout à apprendre en matière de communication sur leurs hauts faits.</phrase>
<phrase>Le 4 juillet, les Américains avaient su créer une curiosité mondiale autour de Deep Impact, première collision entre une comète et un boulet de fabrication humaine.</phrase>
<phrase>Deux mois plus tard, l'agence spatiale nippone, la JAXA, vient de franchir, avec une discrétion qui confine à la cachotterie, les premières étapes d'une mission qui promet bien plus de spectacle et de retombées scientifiques que le télescopage organisé par la NASA.Les autres contacts avec des petits corpsAvant la tentative d'Hayabusa, une seule sonde était entrée en contact avec la surface d'un astéroïde.</phrase>
<phrase>Il s'agit de l'américaine NEAR, qui s'était posée en douceur sur Eros, en 2001, à la fin de la mission d'observation que lui avait assignée la NASA.</phrase>
<phrase>Les corps glacés des comètes ont fait ou vont être l'objet de plusieurs autres visites, dont la plus retentissante a été la collision entre le projectile de Deep Impact et la comète Tempel 1, le 4 juillet.Une autre sonde américaine, Stardust, a récupéré des particules contenues dans la queue de la comète Wild 1, en 2004.</phrase>
<phrase>Son retour sur Terre, avec ses échantillons, est attendu le 16 janvier 2006.</phrase>
<phrase>La sonde européenne Rosetta vogue, elle, depuis février 2004, vers la comète Churyumov-Gerasimenko.</phrase>
<phrase>En 2014, elle y larguera un robot-laboratoire, Philae, qui, arrimé par des ancres fichées dans le sol, doit analyser sa composition en profondeur.Est-ce la complexité de l'expédition qui a dissuadé ses promoteurs, échaudés par des échecs précédents vers la Lune et vers Mars, de différer toute publicité avant son succès complet ? Il s'agit en effet d'approcher le plus petit corps céleste jamais visé par l'Homme, de lui arracher des échantillons de matière pour les ramener, pour la première fois, sur Terre, tout en lâchant sur sa surface un robot expérimental.En se plaçant, le 12 septembre, à 20 kilomètres de l'astéroïde Itokawa (du nom d'un des fondateurs de la JAXA), la sonde Hayabusa (le faucon, en japonais) a déjà évité deux risques majeurs de son parcours d'obstacles.</phrase>
<phrase>La nouveauté de son mode de propulsion ionique ou électrique, qui consiste à éjecter à haute vitesse des particules chargées ­ des ions ­ fournies par un réservoir de gaz, ne l'a pas empêchée d'atteindre en un peu plus de deux années le lieu de son rendez-vous céleste, à près de 300 millions de kilomètres de la Terre.Là, le délai créé par l'éloignement dans la transmission des ordres terrestres à la sonde a conduit ses concepteurs à faire un nouveau pari.</phrase>
<phrase>Hayabusa a effectué son approche finale en se guidant de manière autonome jusqu'à la proximité immédiate d'Itokawa.</phrase>
<phrase>L'affaire était d'autant moins simple que l'astéroïde n'excède pas les 600 mètres de longueur pour 300 mètres de large.</phrase>
<phrase>Mais cette taille ne lui octroie qu'une force d'attraction infime.</phrase>
<phrase>Impossible de se placer en orbite autour d'un corps si chétif.Depuis lundi, la sonde navigue donc à côté de l'astéroïde sur la trajectoire qui lui permet de boucler sa révolution autour du Soleil en moins de 550 jours.</phrase>
<phrase>De cette place privilégiée, à 20 puis à 7 kilomètres de distance, la sonde va déployer tous ses instruments pour dresser, durant deux mois et demi, une cartographie exhaustive d'Itokawa.</phrase>
<phrase>Comme il tourne sur lui-même en douze heures, celui-ci lui présentera tous ses profils.Sa petite taille en fait un objet d'étude passionnant,comme toujours fertile en surprises, se réjouit Patrick Michel, de l'observatoire de la Côte d'Azur, associé aux travaux de la mission.</phrase>
<phrase>Les précédentes sondes avaient approché des astéroïdes ou des comètes de plusieurs kilomètres de dimension.</phrase>
<phrase>Cette fois, Itokawa se situe juste à la limite des objets dont la cohésion peut être maintenue par la force de gravité.</phrase>
<phrase>Les premières photos prises par Hayabusa ont déjà fourni leur part d'inattendu.</phrase>
<phrase>La faiblesse de sa gravité n'empêche visiblement pas Itokawa de retenir une couche de poussière, de la rhyolite, déjà observée par la mission américaine NEAR, qui avait atterri en 2001 sur Eros, bien plus gros.</phrase>
<phrase>Sa forme tourmentée semble due à la juxtaposition de plusieurs roches.</phrase>
<phrase>Ces observations permettront de mieux comprendre ces matériaux rocheux ­ différents des comètes glacées ­ qui n'ont pas trouvé preneur au moment de la formation des planètes et qui se sont regroupés, pour la plupart, dans la ceinture d'astéroïdes, entre Mars et Jupiter.</phrase>
<phrase>Certains en sont éjectés et peuvent menacer la Terre.</phrase>
<phrase>Itokawa fait partie de cette famille inquiétante des géocroiseurs dont l'orbite coupe la nôtre.</phrase>
<phrase>L'étude de sa structure, de sa résistance à d'éventuelles actions extérieures, apparaît d'autant plus cruciale que son destin le plus probable est une collision avec la Terre au cours du million d'années qui vient, comme l'a calculé Patrick Michel dans un article à paraître dans la revue Icarus .Hayabusa ne fera pas que jauger la menace.</phrase>
<phrase>Début novembre, il ira la toucher, pour lui arracher quelques secrets supplémentaires.</phrase>
<phrase>Les mesures prises vont permettre de déterminer des sites sur lesquels la sonde doit prélever des échantillons.</phrase>
<phrase>Pour cela, elle s'approchera de la surface jusqu'à ce qu'une sorte de cornet la frôle.</phrase>
<phrase>Celui-ci est censé aspirer les particules soulevées par l'impact d'un projectile tiré à grande vitesse par Hayabusa.L'opération sera répétée trois fois, dans l'espoir de ramener sur Terre les premiers grains d'astre prélevés dans l'espace depuis la poussière et les roches de Lune charriées par kilos par les astronautes d'Apollo.</phrase>
<phrase>Mais c'est encore un pari audacieux, dit Patrick Michel.</phrase>
<phrase>Si la surface est poreuse, le projectile peut s'enfoncer sans arracher le moindre éclat.UN ROBOT BONDISSEURNe reculant pas devant la prise de risque, les Japonais vont simultanément tenter de larguer sur la surface d'Itokawa un petit robot d'exploration, Minerva.</phrase>
<phrase>Pas plus gros qu'une canette de boisson, celui-ci doit se déplacer par bonds calculés au plus juste pour qu'ils ne l'éjectent pas dans l'espace.</phrase>
<phrase>La caméra qu'il porte promet des images spectaculaires, voire comiques.</phrase>
<phrase>Sur le résumé animé de la mission, réalisé par la JAXA, la petite chose est saisie, avant chaque saut, de trépidations qui devraient la rendre très populaire auprès des enfants.</phrase>
<phrase>Ce n'est qu'une expérimentation , tempère M.</phrase>
<phrase>Michel, qui peut donner des résultats étonnants et servir à concevoir un procédé plus abouti pour d'autres explorations.Hors cet intermède, les Japonais ne cesseront eux de trembler que lorsque les échantillons seront rentrés sur Terre, en juillet 2007.</phrase>
<phrase>Le retour grâce à la propulsion ionique, l'entrée dans l'atmosphère et l'atterrissage, à bout de parachute, dans l'immensité australienne s'annoncent délicats.</phrase>
<phrase>Mais, si tout se passe bien, le Japon passera en une seule mission du statut d'apprenti à celui de nation majeure de l'exploration spatiale.
</phrase></texte>
</article>
