<?xml version="1.0" encoding="iso-8859-1"?>
<article>
<date>Mon, 12 Sep 2005 11:50:57 GMT</date>
<auteur>Marie-Aude Roux</auteur>
<titre>Musique classique : un "Oberon" historique</titre>
<resume>Bien que fréquemment joué en Allemagne et en Grande-Bretagne, le dernier des "opéras romantiques" de Weber est toujours resté dans l'ombre fascinée du populaire "Freischütz" de 1821, lequel avait motivé la commande d'"Oberon" pour Covent Garden.</resume>
<texte>
<phrase>Bien que fréquemment joué en Allemagne et en Grande-Bretagne, le dernier des opéras romantiques de Weber est toujours resté dans l'ombre fascinée du populaire Freischütz de 1821, lequel avait motivé la commande d'Oberon pour Covent Garden.</phrase>
<phrase>Créé à Londres en 1826 sous la direction du compositeur, deux mois avant sa mort, Oberon est tiré du poème épique de Wieland, sorte de Singspiel adapté en anglais par James Robinson Planché.</phrase>
<phrase>En 1970, la version en allemand de l'opéra enregistrée par Rafael Kubelik pour Deutsche Grammophon bénéficiait d'une distribution hors pair - ­ Placido Domingo, Birgit Nilsson, Hermann Prey ­-, laquelle ne sera pas surpassée par les suivantes.C'est dire si cette version en anglais réalisée par John Eliot Gardiner (il avait dirigé l'oeuvre en 1986 à l'Opéra de Lyon) marque la discographie d'une pierre blanche.</phrase>
<phrase>Le chef britannique a coupé les dialogues de Planché pour leur substituer de courts textes de liaison dits par un narrateur, laissant ainsi la part belle à une musique colorée mais délicate, savamment inspirée, notamment dans les scènes teintées d'exotisme et de féerie naturaliste.</phrase>
<phrase>L'action est un tantinet complexe : fâché avec son épouse Titania, le roi des fées, Oberon, met à leur réconciliation une condition sine qua non : trouver un couple vraiment fidèle.</phrase>
<phrase>Les amours contrariées du chevalier Huon et de la belle Reiza, fille du calife de Bagdad, d'enlèvement au sérail en naufrage sur mer déchaînée, en apporteront une preuve éclatante.La direction vivante et évocatrice de John Eliot Gardiner, son sens aigu du merveilleux à la Shakespeare, la subtilité du travail sur les couleurs et les articulations entre vents et cordes, tout cela donne des ailes d'elfe à cette musique trop souvent mise aux arrêts du romantisme germanique.</phrase>
<phrase>Le Monteverdi Choir est excellent.</phrase>
<phrase>Si la Reiza d'Hillevi Martinpelto n'a pas toujours l'aisance désirée, la Fatima de Marina Comparato l'égalité qui conviendrait, leur naturel musical est délicieux.</phrase>
<phrase>Quant aux deux ténors, ils tiennent le haut du pavé : que ce soit l'Oberon sentimental de Steve Davislim ou plus encore le magnifique et valeureux chevalier Huon de Jonas Kaufmann.Oberon, de Carl Maria von Weber, avec Steve Davislim, Hillevi Martinpelto, Monteverdi Choir, Orchestre Révolutionnaire et Romantique, John Eliot Gardiner (direction) : 2 CD Philips/Universal.
</phrase></texte>
</article>
