<?xml version="1.0" encoding="iso-8859-1"?>
<article>
<date>Sun, 18 Sep 2005 21:50:07 GMT</date>
<auteur></auteur>
<titre>Ligue 1 : Lyon a défendu son rang à Bordeaux, le PSG coule à Saint-Etienne</titre>
<resume>L'OL reste leader du championnat grâce à un nul conquis en Gironde.</resume>
<texte>
<phrase>Le retour de Zidane en équipe de France et les derniers matchs de qualification, mais aussi tous les autres sports.</phrase>
<phrase>Donnez vos commentaires sur toutes les compétitions sportives et l'organisation du sport en général, le problème du dopage, etc.</phrase>
<phrase>Pour visualiser le Desk il faut avoir un navigateur qui affiche des frames.</phrase>
<phrase>Pour visualiser le Desk il faut avoir un navigateur qui affiche des frames.</phrase>
<phrase></texte>
</article>
