<?xml version="1.0" encoding="iso-8859-1"?>
<article>
<date>Mon, 12 Sep 2005 11:48:05 GMT</date>
<auteur>Patrick Labesse</auteur>
<titre>Musiques du monde : les identités de Susheela Raman</titre>
<resume>"Susheela est face à une contradiction insoluble. Elle est née indienne, a grandi en Australie et possède en même temps une culture rock et une culture musicale religieuse tamoule".</resume>
<texte>
<phrase>usheela est face à une contradiction insoluble.</phrase>
<phrase>Elle est née indienne, a grandi en Australie et possède en même temps une culture rock et une culture musicale religieuse tamoule, déclare le guitariste et compositeur Sam Mills, complice des vies musicale et quotidienne de Susheela Raman, dans l'extrait du documentaire réalisé par Mark Kidel, Susheela Raman ­ - Aux sources indiennes (Arte-Les Films d'ici), contenu sur le DVD bonus (38 minutes) qui accompagne Music for Crocodiles.</phrase>
<phrase>C'est le nouvel album de la jeune chanteuse britannique d'origine tamoule, après Salt Rain (2001) et Love Trap (2003).Susheela Raman, poursuit Mills, ne peut qu'explorer cette contradiction.</phrase>
<phrase>C'est une évolution perpétuelle, un questionnement sans fin.</phrase>
<phrase>Entre la culture tamoule de ses parents dont son enfance a été imprégnée et celle, protéiforme, des milieux urbains occidentaux dans lesquels elle a évolué depuis sa naissance (à Londres, en 1973), la chanteuse oscille sereinement, elle cherche des points d'équilibre, des connexions.</phrase>
<phrase>Cette quête l'a amenée jusqu'à Chenai (Madras) où la plus grande partie de Music for Crocodiles a été enregistrée.Aller uniquement vers une relecture de pièces du répertoire carnatique (musique de l'Inde du Sud), vers lequel elle s'est déjà tournée, aurait été une démarche trop schématique.</phrase>
<phrase>Susheela Raman et Sam Mills ont pris le contre-pied du raisonnable, en demandant aux musiciens classiques indiens de jouer aussi sur les mélodies pop-folk chantées en anglais (plus de la moitié des titres).</phrase>
<phrase>Pour ces artistes, habitués à sortir du cadre classique lorsqu'ils participent à l'enregistrement de musiques de films, l'exercice fait figure de créative récréation, pour le tandem Raman et Mills, c'est un challenge, un défi, abordé avec autant d'audace que de timidité.Entre-deux subtilement pensé, Music for Crocodiles est une synthèse réussie de toutes les influences qui font la personnalité artistique de Susheela Raman.</phrase>
<phrase>L'album s'ouvre sur What Silence Said, émouvante ballade dans laquelle la chanteuse évoque le suicide d'un ami.</phrase>
<phrase>D'une sensualité capiteuse, la voix au pénétrant timbre mat y répond aux circonvolutions du violon carnatique (Embar.</phrase>
<phrase>S.</phrase>
<phrase>Kannan).</phrase>
<phrase>Après Music for Crocodiles, la chanson-titre, d'une intense énergie (où émerge l'orgue Hammond habile du musicien malien Cheick Tidiane Check, l'un des invités parisiens, avec le duo Bumcello, de la chanteuse), ce sont les glissandi d'une vina (grand luth à sept cordes, joué horizontalement, instrument-clé de la musique carnatique) tenue par A.</phrase>
<phrase>K.</phrase>
<phrase>Devi qui introduisent Light Years.Outre cette adaptation d'une mélodie de l'Inde du Sud, transformée en chanson d'amour, Susheela Raman et Sam Mills métamorphosent en blues (Meanwhile) le raga kanakangi, de Tyagaraja, compositeur du XIIIe siècle, l'une des trois figures essentielles de la musique carnatique moderne, avec Syama Sastri et Dikshitar.</phrase>
<phrase>Il y aussi une relecture funky d'Idi Samayama, autre composition de Tyagaraja, et une reprise de Sharavana, chanson tamoule évoquant le dieu Muruga qui symbolise la victoire de la lumière sur les ténèbres.Pour dire avec les mots ses interrogations quant à son identité plurielle qu'elle exprime dans les univers musicaux conçus avec Sam Mills, Susheela Raman a demandé à Barmak Akram, poète afghan en exil à Paris, de lui écrire, en français, L'Ame volatile.</phrase>
<phrase>Je suis rarement où se trouve mon corps/Je ne sais où se trouve ma ville/De voyage en voyage, d'exil en exil, dit le texte de la chanson.Music for Crocodiles, de Susheela Raman, 1 CD Narada/Virgin.
</phrase></texte>
</article>
