<?xml version="1.0" encoding="iso-8859-1"?>
<article>
<date>Thu, 15 Sep 2005 11:33:06 GMT</date>
<auteur>Thomas Sotinel</auteur>
<titre>La mort de Robert Wise, réalisateur éclectique de "West Side Story"</titre>
<resume>Le cinéaste américain, qui débuta comme monteur avec Orson Welles, disparaît au moment où le Festival de Saint-Sébastien s'apprêtait à lui rendre hommage.</resume>
<texte>
<phrase>C'est à Saint-Sébastien, à la veille de l'ouverture du Festival de cinéma, que l'on a appris, mercredi 14 septembre, la mort du cinéaste Robert Wise, le jour même.</phrase>
<phrase>Le grand rendez-vous espagnol s'apprêtait à rendre hommage au réalisateur de West Side Story ­ - le film aux dix Oscars ­ - en son absence.</phrase>
<phrase>Une sélection de films en DVDAux Editions Montparnasse.Né pour tuer, avec Claire Trevor et Lawrence Tierney ; Mademoiselle Fifi, avec Simone Simon ; Nous avons gagné ce soir, avec Robert Ryan.Chez Warner Home Video.La Maison du diable, avec Richard Johnson, Julie Harris.Chez MGM.Le Coup de l'escalier, avec Harry Belafonte et Robert Ryan ; Je veux vivre, avec Susan Hayward et Simon Oakland ; West Side Story, avec Natalie Wood, Rita Moreno et George Chakiris.Chez 20th Century Fox.La Canonnière du Yang-Tsé, avec Steve McQueen et Candice Bergen ; La Mélodie du bonheur, avec Julie Andrews.</phrase>
<phrase>
 Agé de 91 ans, Robert Wise avait délégué son épouse pour le représenter.</phrase>
<phrase>Il a succombé à un arrêt cardiaque à Los Angeles.</phrase>
<phrase>Samedi 10 septembre, il avait célébré son anniversaire.Le nom de Robert Wise reste attaché à deux des plus grands succès commerciaux de l'histoire du cinéma, deux comédies musicales, West Side Story (1960) et La Mélodie du bonheur (1965).</phrase>
<phrase>Ce n'était pourtant pas un spécialiste du musical.</phrase>
<phrase>Au long de ses cinquante-cinq ans de carrière, Wise a sacrifié à tous les genres : le policier, l'horreur, la science-fiction, le western.</phrase>
<phrase>Et le succès n'est pas toujours allé à ses productions les plus intéressantes.Robert Wise est né le 10 septembre 1914 à Winchester, dans l'Indiana.</phrase>
<phrase>Il part pour Hollywood et est embauché comme assistant au département montage de la RKO en 1933.</phrase>
<phrase>A la fin de la décennie, il est devenu monteur en titre, à temps pour qu'Orson Welles lui demande de travailler sur Citizen Kane.</phrase>
<phrase>Wise obtient un Oscar pour son travail sur le chef-d'oeuvre de Welles qui le retient pour son film suivant La Splendeur des Amberson.</phrase>
<phrase>Le monteur passe alors de la gloire à l'infamie puisque c'est à lui que revient la tâche de couper le film de Welles contre la volonté du réalisateur éloigné d'Hollywood.Son efficacité lui vaut de passer à la réalisation, toujours pour la RKO.</phrase>
<phrase>Le producteur Val Lewton, spécialiste des films d'horreur, lui propose de terminer La Malédiction des hommes-chats, un film fantastique inspiré par le succès de La Féline, de Jacques Tourneur.</phrase>
<phrase>Les premiers films de Wise pour la RKO forment un catalogue disparate et passionnant : il adapte Maupassant dans Mademoiselle Fifi (1944) et Robert Louis Stevenson dans Le Récupérateur de cadavres (1945), avec Boris Karloff.Robert Wise continue sa collaboration avec la RKO jusqu'en 1949.</phrase>
<phrase>Parmi les films remarquables de cette période, on retient Né pour tuer (1946), film noir mettant en scène un tueur en série séducteur, Le Ciel rouge (1948), un western avec Robert Mitchum, et Nous avons gagné ce soir (1949).</phrase>
<phrase>Cette évocation d'un combat de boxe truqué à la mise en scène très sèche offre à Robert Ryan l'un de ses plus beaux rôles.AFFRONTEMENT RACIALComme beaucoup de ses collègues au même moment, Robert Wise devient réalisateur indépendant à partir de 1950.</phrase>
<phrase>Son éclectisme prend alors toute sa mesure.</phrase>
<phrase>Il passe de la science-fiction( Le jour où la Terre s'arrêta, en 1951) au film de gangsters.</phrase>
<phrase>Dans ce dernier domaine, Le Coup de l'escalier (1959) se détache de la production courante en mettant en scène l'affrontement racial entre deux braqueurs incarnés par Robert Ryan et Harry Belafonte.Pour son film suivant, on lui demande d'adapter West Side Story.</phrase>
<phrase>La comédie musicale de Leonard Bernstein doit en grande partie son immense succès sur Broadway à la chorégraphie de Jerome Robbins.</phrase>
<phrase>Wise décide de partager la tâche de metteur en scène avec le chorégraphe.</phrase>
<phrase>Ce sera la seule fois dans l'histoire des Oscars que la récompense sera attribuée à deux réalisateurs pour le même film.</phrase>
<phrase>Le succès, critique et populaire, de cette adaptation de la tragédie de Roméo et Juliette au New York de l'époque est immense.</phrase>
<phrase>Trois ans plus tard, Robert Wise tourne alors ce que beaucoup considèrent comme son meilleur film, La Maison du diable (1963), un film de fantômes économe de ses moyens et pourtant terrifiant.Il revient ensuite à la comédie musicale avec La Mélodie du bonheur.</phrase>
<phrase>Les recettes que rapportent les tribulations de la famille von Trapp, 163 millions de dollars pour l'Amérique du Nord, dépassent celles d'Autant en emporte le vent et le film détient pendant plusieurs années le record absolu du box-office.C'est le dernier triomphe de Robert Wise.</phrase>
<phrase>Certes le succès commercial ne l'abandonne pas tout à fait (La Canonnière du Yang-Tse, avec Steve McQueen en 1966 ou Le Mystère Andromède, un film de science-fiction en 1971) mais ses retrouvailles avec Julie Andrews, pour la comédie musicale Star, en 1968 se soldent par un échec.</phrase>
<phrase>Il commet ensuite un film catastrophe Hindenburg (1975), une imitation de L'Exorciste (Audrey Rose en 1977) et porte avec un succès très relatif la série télévisée Star Trek à l'écran en 1979.</phrase>
<phrase>Il réalise son dernier film, Rooftops dix ans plus tard.
</phrase></texte>
</article>
