<?xml version="1.0" encoding="iso-8859-1"?>
<article>
<date>Thu, 22 Sep 2005 11:11:33 GMT</date>
<auteur>Véronique Mortaigne</auteur>
<titre>Danse : quarante jeunes de Sao Paulo rythment la Cartoucherie</titre>
<resume>Le chorégraphe brésilien Ivaldo Bertazzo présente, à Vincennes, un étonnant spectacle avec des enfants. Visite lors d'une répétition.</resume>
<texte>
<phrase>Les quarante gamins qui sont à découvrir à l'Epée-de-Bois, théâtre appartenant à la Cartoucherie du bois de Vincennes, viennent de Sao Paulo, mégalopole brésilienne dont les périphéries regorgent de violences, de cas sociaux, de travailleurs honnêtes et de talents.Agés de 11 à 18 ans ce sont des transfuges du projet Dança Comunidade, mis en place à Sao Paulo par le chorégraphe brésilien Ivaldo Bertazzo.</phrase>
<phrase>Il s'est appuyé sur un réseau de sept Organisations non gouvernementale (ONG) pour sélectionner ses ouailles, dont Gol de Letra, la fondation mise en place dans le nord de Sao Paulo par le footballeur Rai.</phrase>
<phrase>Avec eux, sept tambourinaires (joueurs de surdos, les gros tambours cylindriques qui assurent les bases rythmiques de la samba), un cymbaliste au son tibétain teinté de réminiscences concrètes et une danseuse indienne, Sawani Mugdal.Car Sao Paulo est le lieu de tous les croisements artistiques.</phrase>
<phrase>On y écoute de la musique indienne, arabe, américaine, française dans les meilleurs théâtres du centre-ville ou des quartiers chics.</phrase>
<phrase>Ivaldo Bertazzo, lui, s'intéresse à la danse indienne ­ - bharata natyan, khatak, odissi ­ - depuis trente ans.A la Cartoucherie, les enfants paulistes de Dança Comunidade jouent et dansent une drôle de partition, avec musique du sous-continent (Gandharva Mahavidyalaya pour la bande sonore), extraits de thèmes semi-érudits du répertoire brésilien et percussions nègres.</phrase>
<phrase>Et voici donc ces gosses éduqués au petit lait de la capoeira, du funk, de la samba et du collé-serré, tournant la jambe comme dans le Bronx ou à Bahia, et la main à l'équerre comme au Kerala.Il a fallu travailler des mois.</phrase>
<phrase>Ivaldo Bertazzo dit qu'il a été influencé par les études sur la coordination motrice développées en France par des kinésithérapeutes (Suzanne Piret, Marie-Madeleine Béziers) : pour chercher son identité, il convient de rééduquer son corps.</phrase>
<phrase>Alors plutôt que de se comporter en voyous ou en vaincus, les jeunes Paulistes, filles et garçons, cherchent des points d'équilibre.</phrase>
<phrase>Ils font le serpent, la roue, manient les voiles et les tissus.Le 20 septembre, les gosses de Sawaad répétaient dans le fief de Mme Mnouchkine.</phrase>
<phrase>Collants roses, hauts blancs.</phrase>
<phrase>Amanda, Cesar, Michele, Maica, Wanderley, Karla, Josénilton, Samara ou Rubens sont blancs ou café au lait, portent les cheveux bouclés, nattés, tirés.</phrase>
<phrase>Ils ont un peu froid, sont habitués à ce qu'un soleil de plomb chasse en une heure, ou pas, la garoa, cette bruine opaque de Sao Paulo.REPتCHER DES DESTINSIls ont le corps élastique, le hip-hop à fleur de peau.</phrase>
<phrase>Ils ont tout appris en neuf mois, sont en équilibre instable sur la discipline.</phrase>
<phrase>Tenir la diagonale est une peine pour ces filles frondeuses, ces garçons chahuteurs ; ils y arrivent.</phrase>
<phrase>Ils ont digéré la musique ­ - choros cariocas et roulements du Rajasthan ­ - et la rigueur nécessaire.Dança Comunidade est un projet d'inclusion sociale, ou comment repêcher des destins par des formes artistiques complexes.</phrase>
<phrase>Présenté dans le cadre de l'Année du Brésil en France, il est soutenu par le Servicio social do comercio (SESC), organisme créé en 1946 par les patrons du secteur du commerce et des services afin de pourvoir au bien-être social de leurs employés.</phrase>
<phrase>Il est financé par une taxe obligatoire prélevée sur la masse salariale.De fil en aiguille, le SESC de Sao Paulo a construit trente centres de culture et de loisirs, et son budget atteint 100 millions d'euros en 2005.</phrase>
<phrase>Ces centres proposent des arts, du pain, des piscines, des ateliers en tout genre, sans négliger la création internationale.</phrase>
<phrase>C'est une proposition contre les carences dans lesquelles ces enfants auraient pu s'enfoncer si les préceptes sur la coordination motrice, chers à Marie-Madeleine Béziers, n'avaient croisé le chemin d'un chorégraphe curieux.Samwaad, la rue de la rencontre, Théâtre de l'Epée-de-Bois, la Cartoucherie, Paris 12e..</phrase>
<phrase>Métro Château-de-Vincennes, puis navette gratuite.</phrase>
<phrase>Tél.</phrase>
<phrase>: 01-58-71-01-01.</phrase>
<phrase>Les 22 et 23 septembre à 20 h 30 ; le 24 à 16 h 30 et à 20 h 30 ; le 25 à 16 h 30.</phrase>
<phrase>De 12 € à 17 €.
</phrase></texte>
</article>
