<?xml version="1.0" encoding="iso-8859-1"?>
<article>
<date>Fri, 23 Sep 2005 06:43:29 GMT</date>
<auteur></auteur>
<titre>Les Bleus, tombeurs de la Lituanie, joueront en demi-finale de l'Euro de basket</titre>
<resume>La France a battu la Lituanie, tenante du titre, sur le score de 63 à 47, et rencontrera la Grèce en demi-finale des championnats d'Europe de basket-ball. Cette qualification vaut aussi pour les Mondiaux 2006 au Japon.</resume>
<texte>
<phrase>La France a réussi un nouvel exploit dans la soirée du jeudi 22 septembre aux championnats d'Europe de basket-ball en se qualifiant pour les demi-finales aux dépens de la Lituanie, tenante du titre, sur le score de 63 à 47.</phrase>
<phrase>Les Français, qui avaient sorti la Serbie, championne du monde et pays organisateur, en match de barrage en début de semaine, ont de nouveau livré un match éblouissant.</phrase>
<phrase>Les hommes du sélectionneur Claude Bergeaud ont déjà réussi le pari qu'ils s'étaient fixé en venant en Serbie : ils sont qualifiés pour les Mondiaux de 2006 au Japon.DES BLEUS AGRESSIFS ET HABILESAprès une première phase presque calamiteuse de la compétition européenne de basket-ball, les Bleus apparaissent transformés depuis le début des matches à élimination directe.</phrase>
<phrase>Non seulement ils retrouvent toute leur agressivité et leur adresse en attaque, mais ils se montrent intraitables en défense, comme lors du quatrième quart temps face aux Lituaniens.Grâce à un Tony Parker retrouvé (11 points) et un Antoine Rigaudeau indispensable, ils menaient de 16 longueurs (32-16) à la mi-temps face à une Lituanie hésitante et timide.</phrase>
<phrase>Très agressifs en défense, les Tricolores se montraient également très confiants.</phrase>
<phrase>En dix minutes, les Lituaniens refaisaient la moitié de leur handicap et revenaient à seulement huit points.</phrase>
<phrase>Mais dès l'entame du dernier quart, TP enfilait quatre points et Rigaudeau passait un panier à trois points pour offrir à la France son plus gros écart : 17 points à 54-37.ON A ةTة TRبS FORTSDans les deux dernières minutes, les Français gardaient leur sang-froid et évitaient de s'enflammer pour tenir le résultat jusqu'à la sirène.C'était l'objectif de la soirée, avoir une défense solide et empêcher les Lituaniens de tirer à trois points, a commenté le capitaine, Antoine Rigaudeau.On a été vraiment très bien dans ce secteur de jeu et ensuite nous avons réussi à bien gérer notre avantage.</phrase>
<phrase>On a été très forts dans les extérieurs.Dans le dernier carré, les Français seront opposés à la Grèce, qui a éliminé la Russie 66-61 dans le premier quart de finale.</phrase>
<phrase>Cette demi-finale sera une revanche du premier match de poule que la France, totalement hors sujet et dépassée physiquement, avait perdu.</phrase>
<phrase>Mais les protégés de Bergeaud ne sont plus du tout les mêmes joueurs.</phrase>
<phrase>Jeudi soir, ils n'ont jamais vraiment laissé place au suspense.</phrase>
<phrase>
</phrase></texte>
</article>
