<?xml version="1.0" encoding="iso-8859-1"?>
<article>
<date>Thu, 15 Sep 2005 11:39:28 GMT</date>
<auteur>Mathieu Prével (avec AFP et Reuters)</auteur>
<titre>Lille s'incline (0-1) dans les dernières secondes face au Benfica Lisbonne</titre>
<resume>La soirée de mercredi n'a réservé aucune surprise en Ligue des champions.</resume>
<texte>
<phrase>Au sein de l'équipe de Lille, certaines valeurs sont devenues des refrains : courage, abnégation, collectif...</phrase>
<phrase>Face aux Portugais du Benfica Lisbonne, lors de leur premiermatch de la premièrephase de la Ligue des champions, mercredi 14 septembre, les Lillois ont fait tel qu'ils savent faire, serrant les rangs de la défense, courant, taclant.</phrase>
<phrase>En vain.</phrase>
<phrase>Dans les ultimes secondes de la partie, l'équipe de Claude Puel s'est inclinée (1-0) au stade de la Luz, à Lisbonne.LIGUE DES CHAMPIONS1re phase, 1re journéeGroupe A :Rapid Vienne (Aut)-Bayern Munich (All)0-1But : Guerrero (60e)FC Bruges (Bel)-Juventus Turin (Ita) 1-2Buts : Yulu-Matondo (FC Bruges, 85e), Nedved (Juventus Turin, 66e), Trezeguet (Juventus Turin, 75e)Groupe B :Sparta Prague (Rtc)-Ajax Amsterdam (Hol)1-1Buts : Matuzovic (Sparta Prague, 66e), Sneijder (Ajax Amsterdam, 90e+1)Arsenal (Ang)-Thoune (Sui) 2-1Buts : Gilberto Silva (Arsenal, 51e), Bergkamp (Arsenal, 90e+2), N.</phrase>
<phrase>Ferreira (Thoune, 53e)Groupe C :Udinese (Ita)-Panathinaïkos (Gre)3-0Buts : Iaquinta (Udinese, 28e, 73e et 76e)Werder Brême (All)-FC Barcelone (Esp) 0-2Buts : Deco (13e), Ronaldhino (76e s.</phrase>
<phrase>p.)Groupe D :Benfica (Por)-Lille (Fra) 1-0But : Miccoli (90e+2)Villarreal (Esp)-Manchester United (Ang)0-0Jusqu'à ce coup de tête décisif de l'Italien Fabrizio Miccoli, le match ne voulait pas se trouver de vainqueur.</phrase>
<phrase>La domination stérile du Benfica ne paraissait pas devoir être suivie de concrétisation.</phrase>
<phrase>Mais la dramaturgie du football se nourrit de ces improbables victoires, grattées dans l'attente du coup de sifflet final, lorsque le sablier à déjà égrené les quatre-vingt-dix minutes de temps de jeu réglementaires.En réalité, de drame, il n'y eut point.</phrase>
<phrase>Les Lillois, à l'issue de la partie, étaient loin d'être anéantis.</phrase>
<phrase>Nous avons bien résisté, mais nous avons fini par plier en raison de la fatigue accumulée, constatait froidement Claude Puel.</phrase>
<phrase>Et d'ajouter, finalement satisfait : Je ne peux rien reprocher à mes joueurs, qui ont tenté de bonnes choses.</phrase>
<phrase>Avant le début de cette compétition, nous étions les petits poucets.</phrase>
<phrase>Nous avons montré ce soir que nous étions capables de faire des choses.Au pays des ogres de la Ligue des champions, qui réunit le gotha des clubs européens, Lille, qui avait fini le championnat de France 2004-2005 à une inespérée 2e place, derrière les Lyonnais, fait en effet figure de proie désignée.</phrase>
<phrase>Désignée, mais pas résignée.</phrase>
<phrase>Il reste cinq matches et la compétition n'est pas finie, poursuivait Claude Puel.</phrase>
<phrase>Il y a eu beaucoup de bonnes choses ce soir.</phrase>
<phrase>C'est ce que je veux retenir.</phrase>
<phrase>C'est rassurant pour l'avenir, car nous continuons de progresser.Les prochains adversaires de Lille, au sein du groupe D, paraissent pourtant peu commodes.</phrase>
<phrase>Dans le match qui les opposait, mercredi, dans l'antre d'Old Trafford, les Anglais de Manchester United et les Espagnols de Villareal n'ont pu se départager (0-0).L'équipe de Claude Puel n'aura pas le plaisir d'affronter ces prestigieux adversaires à domicile, car elle ne possède pas de stade aux normes européennes.</phrase>
<phrase>C'est donc au Stade de France, à Saint-Denis, qu'elle accueillera Villareal, le 27 septembre, et Manchester United, le 2 novembre.Si Lille aime à se présenter comme un petit poucet, il fait pourtant figure de géant par rapport au modeste FC Thoune.</phrase>
<phrase>Le club helvétique, doté d'un modeste budget de 5 millions de francs suisses (3,2 millions d'euros), a pourtant tenu tête aux stars d'Arsenal dans leur stade d'Highbury, dans le groupe B, ne s'inclinant (2-1), lui aussi, qu'à quelques secondes du terme du match.</phrase>
<phrase>L'équipe londonienne, réduite à dix joueurs à la 45e minute, à la suite de l'expulsion de Robin Van Persie, a dû son salut à l'éternel Dennis Bergkamp, 36 ans, esseulé sur le front d'une attaque privée de Thierry Henry, blessé.Mais la soirée n'était pas propice aux jolis contes.</phrase>
<phrase>Tous les favoris se sont imposés, mercredi.</phrase>
<phrase>Ainsi, dans le groupe A, les Italiens de la Juventus de Turin ont battu les Belges du FC Bruges (2-1), tandis que les Allemands du Bayern Munich se défaisaient des Autrichiens du Rapid Vienne (1-0).</phrase>
<phrase>Dans le groupe C, les Espagnols du FCBarcelone se sont imposés face aux Allemands du Werder Brême (2-0).
</phrase></texte>
</article>
