<?xml version="1.0" encoding="iso-8859-1"?>
<article>
<date>Thu, 15 Sep 2005 11:31:41 GMT</date>
<auteur>Propos recueillis par Guillaume Lainé</auteur>
<titre>"Si on veut aller trop vite, nous courrons à la désillusion"</titre>
<resume>Basket-Ball. Claude Bergeaud, le sélectionneur de l'équipe de France, souhaite que son groupe termine dans les six premiers du championnat d'Europe, pour se qualifier pour le Mondial 2006.</resume>
<texte>
<phrase>Depuis septembre 2004, Claude Bergeaud, 45 ans, est sélectionneur de l'équipe de France.</phrase>
<phrase>En juin 2005, il a également été nommé entraîneur du club de Villeurbanne (ProA).</phrase>
<phrase>A la tête de l'équipe de Pau-Orthez entre 1998 et 2003, il a décroché trois titres de champion de France, en 1998, 1999 et 2001.Qu'attendez-vous de l'équipe de France lors du championnat d'Europe, qui débute le 16 septembre en Serbie-Monténégro ?Le challenge, c'est de terminer dans les six premiers pour se qualifier pour le championnat du monde 2006.</phrase>
<phrase>Il sera temps, ensuite, de penser à la qualification pour les Jeux olympiques 2008.Dans l'histoire de l'équipe de France, il n'y a pas de stabilité dans les résultats en grande compétition, contrairement à ce qui se passe en Italie, en Espagne ou en Grèce, par exemple.</phrase>
<phrase>L'idée, c'est de construire.Ayons l'humilité de dire que notre équipe est jeune, qu'elle n'a jamais joué ensemble.</phrase>
<phrase>Si on veut aller trop vite, nous courrons à la désillusion.</phrase>
<phrase>A l'Euro 2003, nous avions fait quatrième.</phrase>
<phrase>Ce n'était pas mauvais.</phrase>
<phrase>Si nous obtenons la même place cette année, je serais le plus heureux des entraîneurs !Cette compétition permet de mettre en lumière le basket-ball français, plongé dans un relatif anonymat...Ce n'est pas uniquement de la faute des médias.</phrase>
<phrase>Le basket professionnel n'a pas travaillé, c'est une évidence.</phrase>
<phrase>Et nous nous sommes fait piéger par le phénomène NBA -le championnat des clubs, aux Etats-Unis, qui réunit les meilleurs joueurs- : nous n'avons pas su contrôler le flot ininterrompu de leurs images.</phrase>
<phrase>La NBA a réalisé un travail fantastique de marketing.</phrase>
<phrase>L'Espagne et l'Italie, elles, ont su contrôler cette offensive.</phrase>
<phrase>Après, c'est certain que quand Canal+ a lâché le basket pour un autre produit, cela a fait très mal.Vous parlez du rugby ?Le rugby a bien travaillé, il a su effectuer un vrai lobbying, avec beaucoup d'anciens joueurs, contrairement à nous.</phrase>
<phrase>Notre sport a peur de ses vieilles gloires.</phrase>
<phrase>Or je ne vois pas comment nous allons pouvoir développer notre sport sans image, sans représentation.</phrase>
<phrase>Il nous faut des locomotives médiatiques, et ça ne peut être que les joueurs.</phrase>
<phrase>Je dis bien les joueurs, au pluriel.On a pourtant l'impression que seul Tony Parker, double champion NBA avec les San Antonio Spurs, attire tous les regards...Tony est une locomotive fantastique, un vrai coéquipier, il ne se la raconte pas, il respecte les règles collectives.</phrase>
<phrase>Lui veut qu'il y ait une vraie répartition de la médiatisation en équipe de France, il a été le premier à le dire.</phrase>
<phrase>C'est le communicant parfait.</phrase>
<phrase>Le problème, c'est que, quand il fait passer le message collectif sur le basket français, je ne le retrouve pas écrit dans les journaux.Les médias sont-ils les responsables ?Les médias véhiculent une image, pas un message.</phrase>
<phrase>On a très mal expliqué les choses.</phrase>
<phrase>En football, on s'est gargarisé sur la génération black-blanc-beur des champions du monde 1998.</phrase>
<phrase>Parce que depuis trente ans, nous, au basket, nous ne l'avons pas ? Moi, je vis depuis trente-cinq ans dans ce mélange des cultures.</phrase>
<phrase>Mais qui l'a dit ? Au basket, quand il y a une faute, les joueurs ne se jettent pas sur l'arbitre pour l'insulter.</phrase>
<phrase>Ils lèvent le bras pour dire oui, j'ai fait une faute.</phrase>
<phrase>Dans cette société de violence, n'avons-nous pas des valeurs à promouvoir ? Mais ça n'intéresse personne, tout ça.</phrase>
<phrase>Ce qui intéresse, c'est combien tel ou tel gagne, quelles publicités il fait et avec qui il sort.</phrase>
<phrase>Il n'y a pas de message fort.</phrase>
<phrase>Tant que les valeurs collectives ne seront pas mises en avant, on ne s'en sortira pas.</phrase>
<phrase>Au rugby, ils savent le faire.Pourquoi une telle dynamique n'existe-t-elle pas dans le basket français ?On devrait posséder une vraie ligue, dans le sens fort du terme, pour développer le basket.</phrase>
<phrase>Moi, je pense que les présidents jouent les uns contre les autres, qu'ils fonctionnent par clan.</phrase>
<phrase>Si nous ne changeons pas de mentalité, on continuera d'être le petit sport que nous sommes.Le 27 juin, vous avez accepté d'entraîner le club de Villeurbanne (ProA).</phrase>
<phrase>Comment allez-vous gérer cette fonction avec celle de sélectionneur de l'équipe de France ?En deux années, je me suis aperçu qu'un sélectionneur n'entraîne jamais.</phrase>
<phrase>Je ne me voyais pas rester dix mois au chômage technique, et travailler deux mois pour faire quinze entraînements, dix matches amicaux et six matches officiels.</phrase>
<phrase>J'ai donc décidé de reprendre le terrain.</phrase>
<phrase>Je reste très attaché à l'équipe de France, la quitter aurait été une trahison de ma parole donnée.</phrase>
<phrase>Je ne comprends pas la polémique engendrée par cette affaire.
</phrase></texte>
</article>
