<?xml version="1.0" encoding="iso-8859-1"?>
<article>
<date>Mon, 26 Sep 2005 12:44:40 GMT</date>
<auteur>Pierre Lepidi</auteur>
<titre>Lyon prend ses aises en tête de la Ligue 1</titre>
<resume>Lisez l'intégralité de l'article pour plus d'information.</resume>
<texte>
<phrase>Les joueurs de l'Olympique lyonnais ont fait une haie d'honneur à Grégory Coupet à l'issue de la rencontre Nantes-Lyon (0-1), dimanche 25 septembre, lors de la 9e journée de la Ligue 1.</phrase>
<phrase>C'est en effet grâce aux multiples sauvetages de son gardien de but que Lyon s'est imposé à Nantes et a repris ses aises en tête du championnat de France.</phrase>
<phrase>Face à une équipe très entreprenante, Grégory Coupet a été de tous les combats.</phrase>
<phrase>Après avoir arrêté un penalty à la 7e minute, il a ensuite multiplié les parades sur sa ligne.</phrase>
<phrase>C'est le meilleur gardien du monde ! , s'est félicité le Norvégien John Carew.</phrase>
<phrase> Ce n'est pas un point ou deux points qu'on lui doit ce soir, mais les trois , a déclaré Gérard Houllier, l'entraîneur de l'OL.</phrase>
<phrase>On n'était pas dans le match, pas dans le combat...</phrase>
<phrase>On a marqué un beau but, mais après c'était Fort Knox .</phrase>
<phrase> Je n'avais jamais vu ça , a déclaré Grégory Coupet.</phrase>
<phrase>C'est très émouvant, touchant.</phrase>
<phrase>Mais ce n'est pas évident de vivre des matches comme ça, d'être autant sollicité.</phrase>
<phrase>Je n'aimerai pas revivre de telles soirées...</phrase>
<phrase>On a souffert, mais ce n'est pas moi qui ait marqué.</phrase>
<phrase>On ne mérite pas de gagner, c'est clair.</phrase>
<phrase>De la tête, à la suite d'un coup franc tiré par Florent Malouda, l'attaquant brésilien Fred a signé son troisième but de la saison (80e).</phrase>
<phrase>Cette 6e victoire permet aux quadruples champions de France de porter leur avance à quatre points sur le Paris Saint-Germain, auteur la veille d'un match nul au Mans (0-0).</phrase>
<phrase> On a peut-être manqué de jus pour faire la différence, mais c'était équilibré , a confié Laurent Fournier, entraîneur du club de la capitale.Bordeaux, peu convaincant devant Ajaccio (1-0), s'est emparé de la troisième place, à égalité de points avec Auxerre, large vainqueur de Sochaux (3-0).</phrase>
<phrase>La formation entraînée par Jacques Santini a signé sa troisième victoire consécutive, faisant un bond de dix places au classement.Face à Metz, lanterne rouge, Marseille (12e) s'est rassuré (3-1).</phrase>
<phrase>L'OM, qui recevra Anvers, jeudi 29 septembre, en Coupe de l'UEFA, s'est offert  une victoire qui fait du bien , selon son entraîneur Jean Fernandez.En Italie, la Juventus Turin, qui l'a emporté (2-1) à Parme, poursuit sa chevauchée en tête à l'issue de la 5e journée.En Espagne, le Celta Vigo, surprenant promu, a conservé la tête en dominant le FC Séville (2-1) lors de la 5e journée.</phrase>
<phrase>Le Real Madrid, grâce notamment à un doublé de Ronaldo, s'est imposé à Alavès (0-3) et remonte à la 3e place du classement.En Angleterre, Chelsea, vainqueur d'Aston Villa (2-1), continue son parcours sans faute, avec sept victoires en sept matches.</phrase>
<phrase>Les Blues devancent Charlton, qui s'est imposé à West Bromwich (1-2).</phrase>
<phrase>Après la défaite à domicile de Manchester United, battu (1-2) par Blackburn, l'entraîneur Alex Ferguson a été sifflé par une partie du public.En Allemagne, le Bayern Munich, défait à Hambourg (0-2), a perdu son invincibilité mais sauvé sa place de leader lors de la 7e journée.
</phrase></texte>
</article>
