<?xml version="1.0" encoding="iso-8859-1"?>
<article>
<date>Tue, 27 Sep 2005 12:33:19 GMT</date>
<auteur>Emmanuel de Roux</auteur>
<titre>A Lens, le Louvre sera construit par des architectes japonais</titre>
<resume>Les élus de la région Nord-Pas-de-Calais ont choisi, lundi 26 septembre, le projet de l'agence Sanaa parmi les trois qui leur étaient proposés. Ce musée de 20 000 m2 devrait être inauguré en 2009 et coûter 120 millions d'euros.</resume>
<texte>
<phrase>C'est finalement l'agence japonaise Sanaa (Kazuyo Sejima et Ryue Nishizawa) qui a été désignée par la commission permanente du conseil régional du Nord-Pas-de-Calais pour construire le Louvre à Lens.</phrase>
<phrase>Le sénateur Daniel Percheron, président (PS) de la région, a annoncé ce choix, à Lille, lundi 26 septembre vers 15 h 30.</phrase>
<phrase>Les socialistes et les Verts (22 voix) ont voté pour le projet de Sanaa, tandis que l'opposition de droite (UMP et Front national) et le PCF (22 voix) votaient contre.</phrase>
<phrase>Un cas de figure classique dans cette région où l'antagonisme des socialistes et des communistes est historique.</phrase>
<phrase>La voix prépondérante du président a fait la différence.</phrase>
<phrase>Ont donc été éliminées les deux autres propositions retenues par le jury du concours d'architecture (Le Monde du 15 septembre), celle de l'Anglo-Irakienne Zaha Hadid et celle du Français Rudy Ricciotti.Le projet de ce dernier, en partie enterré, avait fait l'objet de polémiques dans la presse locale.</phrase>
<phrase>Certains, comme le maire de Lens, Guy Delcourt (PS), y voyait une réminiscence trop appuyée du monde de la mine ­ c'est-à-dire de la crise industrielle ­ à laquelle Lens veut échapper.</phrase>
<phrase>L'architecture spectaculaire de Zaha Hadid avait, dans un premier temps, semblé séduire une partie des élus, même si elle arasait pratiquement l'ensemble du terril où le bâtiment devait être implanté.</phrase>
<phrase>Cette architecture me semblait moins violente que celle des Japonais , estime Guy Delcourt.</phrase>
<phrase>Mais c'est sans doute une question de génération.</phrase>
<phrase>J'ai pu constater, en les interrogeant, que les plus jeunes préfèrent les formes minimales et la lumière maîtrisée des Japonais.Quant aux représentants du Louvre, sceptiques sur les solutions muséographiques préconisées par Zaha Hadid comme par Rudy Ricciotti, ils appuyaient le travail de Sanaa.</phrase>
<phrase>Finalement, la grande souplesse du projet japonais, mais aussi sa faculté à se fondre dans son environnement, l'utilisation de l'écrin végétal déjà existant, ont rallié la majorité des suffrages, et notamment le décisif Daniel Percheron.</phrase>
<phrase>Sans parler de Jack Lang, député (PS) de Boulogne, vice- président de la région Nord-Pas-de-Calais (et membre du jury du concours), dont l'opinion a également pesé lourd : il privilégiait lui aussi la solution japonaise.Si la région joue un si grand rôle dans l'implantation du Louvre à Lens, c'est que son poids financier est déterminant, puisqu'elle paye 60 % de la facture (120 millions d'euros) et qu'elle fera fonctionner le futur établissement.</phrase>
<phrase>Nous nous battrons pour que l'Etat apporte une contribution à ce fonctionnement, dès l'ouverture du musée, en 2009 , prévient néanmoins le maire de Lens.Avant même son inauguration, le Louvre à Lens est une vitrine qui doit signaler le renouveau de cette région sinistrée par la crise industrielle et dont elle se remet à grand-peine.</phrase>
<phrase>A partir des années 1990, une politique de grands travaux (TGV, tunnel sous la Manche) a commencé à assurer une relève, en dépit d'un taux de chômage (12 %) qui reste l'un des plus forts de France.</phrase>
<phrase>Le redressement s'est opéré notamment grâce à la culture : développement des universités, valorisation du patrimoine et de l'environnement.</phrase>
<phrase>Le tourisme, impensable dans cette région il y a quelques années, est devenu une réalité.</phrase>
<phrase>L'implantation d'un établissement culturel au milieu des terrils est également le signal d'un changement destiné aux nouveaux investisseurs.Lens, 37 000 habitants (256 000 avec la communauté d'agglomération), a besoin, elle aussi, d'une image renouvelée.</phrase>
<phrase>La renommée de son club de foot et de son stade Bollaert ne lui suffisent plus.</phrase>
<phrase>Le site choisi pour implanter le Louvre, l'ancienne fosse n؛ 9, située entre deux corons, est symbolique.</phrase>
<phrase>Il nous manquait un catalyseur, constate Guy Delcourt, nousl'avons.VةRITABLE LABORATOIREPour le Louvre également, cette implantation est lourde de signification.</phrase>
<phrase>Il ne s'agit pas d'ouvrir une simple antenne à Lens, précise Henri Loyrette, le président de l'établissement public, mais de programmer en région un véritable pôle muséal décentralisé.</phrase>
<phrase>Enfin, si le Louvre de François Mitterrand et de Ieoh Ming Pei nous a donné des gains d'espaces, les moyens de mieux conserver, de mieux présenter la diversité de nos collections, Lens doit être pour le Louvre un véritable laboratoire tant pour la pédagogie destinée au public que pour la présentation de ses collections.Ce laboratoire se déploiera sur 20 000 m2, dont 5 500 m2 seront destinés à la présentation des oeuvres d'art.</phrase>
<phrase>Environ 3 800 m2 seront consacrés à des dépôts de pièces majeures venant du musée parisien (entre 600 et 800 oeuvres) et dont le renouvellement se fera par section, plutôt qu'en bloc, tous les deux ou trois ans.</phrase>
<phrase>Le cheminement dans le temps devrait être le fil conducteur de la visite, ponctuée par des espaces de découverte organisés dans cinq ou six endroits pour illustrer des problématiques spécifiques, comme la question du regard sur l'oeuvre.Les expositions temporaires bénéficieront de 1 700 m2.</phrase>
<phrase>Chaque année, l'une d'entre elles sera de dimension internationale (en collaboration avec des grands musées étrangers).</phrase>
<phrase>L'accueil, les activités pédagogiques, un auditorium, une médiathèque, des réserves (visibles et visitables), des laboratoires ­ et des bureaux ­ se partageront le reste de ce musée du XXIe siècle.
</phrase></texte>
</article>
