<?xml version="1.0" encoding="iso-8859-1"?>
<article>
<date>Wed, 28 Sep 2005 12:14:59 GMT</date>
<auteur>Fanny Connan</auteur>
<titre>A Hossegor, Kelly Slater peut obtenir un septième sacre</titre>
<resume>Donné favori de l'étape d'Hossegor, qui a débuté samedi 24 septembre, Kelly Slater pourrait décrocher, sur les plages landaises, son septième titre de champion du monde de surf.</resume>
<texte>
<phrase>Donné favori de l'étape d'Hossegor, qui a débuté samedi 24 septembre, Kelly Slater pourrait décrocher, sur les plages landaises, son septième titre de champion du monde de surf.Il y a cinq ans, ce scénario était encore inimaginable.</phrase>
<phrase>En 1999, l'Américain, également connu pour ses talents d'acteur dans la série populaire Alerte à Malibu, où il interpréta le personnage de Jimmy Slade, avait décidé de mettre un terme à sa carrière.</phrase>
<phrase>A 28 ans, il avait perdu l'envie de combattre.</phrase>
<phrase>Six années avaient passé depuis son premier sacre, huit depuis ses premiers pas chez les professionnels.</phrase>
<phrase>Le petit supplément d'âme qui faisait de lui le compétiteur le plus doué de sa génération avait disparu.</phrase>
<phrase>Mais, en 2001, l'Association des surfeurs professionnels (ASP) l'invite sur quelques épreuves, lui redonnant goût à la compétition.</phrase>
<phrase>En 2002, il rempile pour le circuit complet.ہ NOUVEAU DOMINATEURLes résultats n'ont pas tout de suite suivi.</phrase>
<phrase>Mais l'envie était là.</phrase>
<phrase>En 2003, j'étais vraiment très motivé, se souvient l'Américain.</phrase>
<phrase>Je voulais surfer pour mon père, décédé l'année précédente.</phrase>
<phrase>Il aimait beaucoup me regarder, c'est d'ailleurs lui qui m'avait expliqué comment surfer.</phrase>
<phrase>Partout où j'allais dans le monde, je pensais à lui.</phrase>
<phrase>J'essayais de prendre les meilleures vagues, celles que lui n'avait jamais pu prendre comme aux Fidji, à Tahiti...</phrase>
<phrase>C'était un peu comme un hommage que je lui rendais.</phrase>
<phrase>En 2004, le Floridien obtient une encourageante 3e place au classement général.Cette saison, le prodige de Cocoa Beach est à nouveau dominateur.</phrase>
<phrase>Impérial à Teahupoo (Tahiti), sans rival à Tavarua (Fidji), Kelly Slater, qui s'est également illustré à Jeffrey's Bay (Afrique du Sud) et à Trestles (Etats-Unis), est solidement campé à la première place du classement provisoire, avec une solide avance sur l'Hawaïen Andy Irons.</phrase>
<phrase>A Hossegor, deux étapes avant le rendez-vous d'Hawaï, qui marque traditionnellement la fin de la saison, il peut obtenir son septième sacre.</phrase>
<phrase>C'est dans les Landes, en 1992, qu'il avait obtenu sa première victoire sur le circuit, alors qu'il n'était âgé que de 20 ans.Ce serait bien de gagner ici, s'amuse-t-il.</phrase>
<phrase>Vraiment bien.</phrase>
<phrase>Je me souviens bien de cette première fois.</phrase>
<phrase>Une semaine avant de venir à Hossegor, j'avais terminé deuxième à Lacanau.</phrase>
<phrase>Je me suis battu pour accéder en finale.</phrase>
<phrase>J'avais froid.</phrase>
<phrase>C'était une drôle de journée.</phrase>
<phrase>Il n'y avait pas beaucoup de vagues, nous n'avons pas réalisé de prouesses.</phrase>
<phrase>Gary Elkerton était dégoûté d'avoir perdu et c'est ce dont je me souviens avant tout, plus que de ma propre victoire.</phrase>
<phrase>C'est mon objectif de gagner ici.Treize ans après son premier succès, le Floridien est donc en passe de regrimper sur la première marche du podium, au grand dam de la nouvelle génération de surfeurs, qui le pensait sur le déclin.</phrase>
<phrase>Un dernier coup d'éclat avant de, définitivement, tirer un trait ? Kelly Slater entretient le mystère.</phrase>
<phrase>Arrêter après le titre ? Je ne sais pas.</phrase>
<phrase>Avant toute chose, il faut que je gagne ! Et puis, un septième titre en appelle un huitième, et un huitième en appelle un dixième peut-être...
</phrase></texte>
</article>
