<?xml version="1.0" encoding="iso-8859-1"?>
<article>
<date>Thu, 29 Sep 2005 09:13:01 GMT</date>
<auteur></auteur>
<titre>Ligue des champions : Lyon en bonne voie</titre>
<resume>Deux semaines après avoir battu le Real Madrid (3-0) à domicile, Lyon a confirmé son excellent départ en Ligue des champions en s'imposant en Norvège face à Rosenborg (0-1), grâce à un but de son défenseur brésilien Cris (45e).</resume>
<texte>
<phrase> 
 Ventre du Monde Pour visualiser le Desk il faut avoir un navigateur qui affiche des frames.</phrase>
<phrase>Pour visualiser le Desk il faut avoir un navigateur qui affiche des frames.</phrase>
<phrase></texte>
</article>
