<?xml version="1.0" encoding="iso-8859-1"?>
<article>
<date>Thu, 15 Sep 2005 11:51:26 GMT</date>
<auteur>Jérôme Fenoglio</auteur>
<titre>Un quasar solitaire bouleverse les théories sur les trous noirs massifs</titre>
<resume>C'est à peu près aussi déroutant que de regarder un bon vivant se comporter comme s'il se goinfrait dans un restaurant sans table et sans aliment.</resume>
<texte>
<phrase>C'est à peu près aussi déroutant que de regarder un bon vivant se comporter comme s'il se goinfrait dans un restaurant sans table et sans aliment.</phrase>
<phrase>Une équipe internationale d'astronomes a repéré, pour la première fois, un trou noir très massif et seul dans son coin d'univers, sans être situé à la place qu'occupent tous ses autres semblables : au centre d'une énorme galaxie qui fournit ses millions d'étoiles à leur insatiable appétit.</phrase>
<phrase>Ce déviant semble pourtant se régaler puisqu'il émet une telle luminosité qu'il peut être considéré comme un quasar des plus brillants.Les quasars sont des trous noirs au plus fort de leur absorption de quantités phénoménales de matière.</phrase>
<phrase>La torsion de cette substance est telle, dans le disque qui tournoie autour du glouton avant de s'y engouffrer, qu'elle se met à étinceler comme des millions de millions de Soleil.</phrase>
<phrase>Les astronomes, qui les classent dans les objets les plus flamboyants de l'univers et les utilisent aujourd'hui comme les seules torches capables d'explorer les tréfonds du cosmos, les ont longtemps confondus avec les étoiles.</phrase>
<phrase>Cela leur a valu leur nom qui vient de l'anglais quasi-star, presque une étoile.Le quasar sans maison a été découvert, comme souvent, par hasard.</phrase>
<phrase>L'équipe d'astronomes, notamment composée de Pierre Magain, Géraldine Letawe (Institut d'astrophysique et de géophysique de l'université de Liège), Frédéric Courbin, Georges Meylan (Ecole polytechnique fédérale de Lausanne, EPFL) et Pascale Jablonka (EPFL et université de Genève), cherchait à établir la variété des propriétés et morphologies des galaxies hôtes de ces quasars.Ils ont utilisé les deux outils actuellement les plus puissants pour scruter le ciel : le télescope spatial Hubble et le Very Large Telescope de l'European Southern Observatory (ESO), au Chili.</phrase>
<phrase>Pour cela, ils ont mis au point une méthode capable de soustraire la luminosité propre de la galaxie à celle, aveuglante, du quasar.</phrase>
<phrase>Les 19 premiers étaient tapis, comme attendu, au centre de leur toile galactique.</phrase>
<phrase>Et le vingtième errait, à l'écart de toute prévision théorique.A vrai dire, ce quasar atypique ne se trouve pas tout à fait isolé, comme le relatent les auteurs dans la revue Nature du 15 septembre.</phrase>
<phrase>Il se situe à la lisière d'un nuage de gaz de la taille d'une petite galaxie, mais qui ne semble pas contenir la moindre étoile.</phrase>
<phrase>La présence de cette nappe gazeuse ne peut suffire à expliquer l'intense activité digestive du trou noir.</phrase>
<phrase>Non loin, se trouve aussi une galaxie au comportement visiblement perturbé, donnant tous les signes d'avoir subi une de ces collisions qui font l'ordinaire de l'évolution du cosmos.Ce télescopage peut-il expliquer la position du quasar excentrique ? C'est une des hypothèses retenues.</phrase>
<phrase>Une autre explication suivrait la piste de la matière sombre, très à la mode chez les astronomes.</phrase>
<phrase>Selon elle, le quasar serait, comme les autres, bien au centre d'une galaxie, mais principalement composée de ce type de matière, invisible aux outils humains.
</phrase></texte>
</article>
