<?xml version="1.0" encoding="iso-8859-1"?>
<article>
<date>Thu, 22 Sep 2005 11:34:53 GMT</date>
<auteur>Evolution entre 1995 et 2003.</auteur>
<titre>Des laboureurs, des OGM... et des faucheurs</titre>
<resume>Ils ont à peu près le même profil, la même « surface » d'exploitation, un peu le même itinéraire. Les uns militent pour les organismes génétiquement modifiés (OGM), les autres les fauchent. Rencontre.</resume>
<texte>
<phrase>On n'avait pas vu ça depuis Monsieur Parmentier au XVIIIe, des gens d'armes garder un champ.</phrase>
<phrase>Les temps ont changé.</phrase>
<phrase>A l'époque, il fallait empêcher le vol de l'innovation agricole qu'a représentée la pomme de terre.</phrase>
<phrase>A présent, on veut éviter la destruction d'une autre, l'organisme génétiquement modifié, l'OGM.Dans le Puy-de-Dôme, le flâneur qui descend les collines ondulant en contrebas du village de Nonette, perché sur un roc, a la surprise de découvrir, à l'ombre d'une rangée d'arbres longeant une belle pièce de maïs, un car de gendarmes mobiles parfaitement inquisiteurs.</phrase>
<phrase>Plus loin, de l'autre côté du champ, une jeep de la gendarmerie garde le front arrière.</phrase>
<phrase>Pendant ce temps, une escouade de vigiles privés parcourt les chemins alentour.</phrase>
<phrase>Régulièrement, la nuit, un hélicoptère équipé d'une caméra thermique vrombit à la recherche d'une ombre suspecte.</phrase>
<phrase>Objectif : repousser les Faucheurs volontaires qui s'attaquent aux champs d'essais d'OGM.</phrase>
<phrase>En août 2004, les Volontaires ont saccagé ­ ou neutralisé , c'est selon ­ un champ transgénique au nord du département, à Marsat.</phrase>
<phrase>Ils ont recommencé plusieurs fois cette année et, le 27 août, ils étaient à Nonette.Leurs actions exaspèrent nombre d'agriculteurs locaux qui soutiennent les efforts de la coopérative Limagrain, premier semencier français, pour mettre au point des semences transgéniques.</phrase>
<phrase>Mais la controverse sur les OGM révèle, au-delà de la fracture du monde paysan, une sourde inquiétude sur l'avenir même de l'agriculture.A deux pas de Nonette, de l'autre côté de l'Allier, où les sangliers viennent discrètement fouiller d'autres champs moins stratégiques, Michel et Catherine Deloche ne décolèrent pas.</phrase>
<phrase>Ce sont des écolos terroristes ! Qu'on soit pour ou contre les OGM, peu importe ! On ne peut pas rentrer comme ça chez les gens, c'est une atteinte au droit ! Ils s'indignent particulièrement que les Faucheurs puissent compter d'autres paysans dans leurs rangs : Des agriculteurs qui viennent détruire les champs des autres, ça ne leur fait pas mal au cœur ?A 30 kilomètres au nord, à Gerzat, au-dessus de Clermont-Ferrand, un autre couple d'agriculteurs assume sereinement sa participation à ces fauchages qui suscitent tant de procès en France.</phrase>
<phrase>Comme celui de Toulouse, où comparaissaient José Bové et Noël Mamère les 20 et 21 septembre.</phrase>
<phrase>Au sein du mouvement des Faucheurs volontaires dans le Puy-de-Dôme, Chantal et Jean-Sébastien Gascuel sont parmi les plus actifs.</phrase>
<phrase>A force de se documenter, on voit bien que tout ce qui est dit en faveur des OGM n'est pas crédible, relève Chantal.</phrase>
<phrase>Il faut que les agriculteurs vérifient ce qu'on leur dit.</phrase>
<phrase>C'est pour ça qu'on va dans les champs prendre des coups de matraque, pour dire aux collègues : réfléchissez ! On n'est pas des anarchistes, on fait de l'irrigation comme les autres.</phrase>
<phrase>Surprise, les deux couples, le pour et le contre, ne sont pas si différents l'un de l'autre.</phrase>
<phrase>Leur histoire, leur bilan économique, leur modernité même les rapprochent.Michel Deloche, né en 1971, est d'une famille où tous les hommes, père, frères, oncles, sont restés à la terre : On a la passion, on a plaisir à semer, à faire pousser les plantes, à produire.</phrase>
<phrase>Il passe son bac, obtient un BTS agricole, cherche une exploitation, qu'il finit par trouver.</phrase>
<phrase>Quand j'ai fait l'étude financière et regardé le bilan de l'année précédente, j'étais très inquiet.</phrase>
<phrase>Mais j'ai pensé que je ferais mieux.</phrase>
<phrase>Je suis arrivé le 15 mars 1994 avec un vieux camion et un tracteur dessus.</phrase>
<phrase>Il y avait 70 vaches.</phrase>
<phrase>J'ai dû apprendre à traire, à régler les problèmes sanitaires.</phrase>
<phrase>Pendant presque quatre ans, je n'ai pas levé la tête.</phrase>
<phrase>Il s'en sort, commence à respirer, participe au mouvement des Jeunes Agriculteurs, dont il devient un élu.</phrase>
<phrase>Puis il rencontre Catherine, sa compagne, en 1999.Elle ne vient pas du monde paysan : Je suis née en 1971.</phrase>
<phrase>Mon père estouvrier chez Michelin, ma mère est chez Carrefour.</phrase>
<phrase>J'ai fait un DESS de sciences économiques en gestion de patrimoine, j'étais très douée, j'ai toujours eu des mentions.</phrase>
<phrase>Mais les boulots trouvés après les études ne m'intéressaient pas.</phrase>
<phrase>J'étais sportive, très active, très physique.</phrase>
<phrase>Je parcourais 500 km à vélo par semaine.</phrase>
<phrase>L'agriculture ne me rebutait pas.</phrase>
<phrase>Mon choix a surpris mes parents.</phrase>
<phrase>'On t'a payé des études et tu deviens paysanne ?''Malgré les difficultés du début, la greffe a pris.</phrase>
<phrase>Les vaches me pissaient dessus quand je leur nettoyais les mamelles, sourit-elle.</phrase>
<phrase>La jeune femme devient vite aussi habile à conduire le tracteur de 140 chevaux qu'à tenir la comptabilité.</phrase>
<phrase>Elle donnera bientôt naissance à une charmante petite Marie, aujourd'hui âgée de quinze mois.</phrase>
<phrase>Malgré le poids des emprunts, l'exploitation ­ l'élevage a été abandonné en 2002 ­ tient la route.</phrase>
<phrase>A force de travail, mais aussi de technique.</phrase>
<phrase>Il faut du soin, explique Michel, travailler au bon moment.</phrase>
<phrase>Par exemple, la betterave se sème début mars.</phrase>
<phrase>Il faut préparer le sol dès janvier-février, en profitant des fenêtres de beau temps.</phrase>
<phrase>Pour les prévoir, j'appelle tous les matins la météo.</phrase>
<phrase>De même, quand je sème, je vais doubler mes roues et les gonfler à seulement 400 g de pression pour ne pas tasser les sols.</phrase>
<phrase>Ce sont des trucs qui ne se voient pas et qui font la différence.Mais le couple se fait du souci.</phrase>
<phrase>Les cours du blé chutent, le règlement européen sur la betterave va changer et la politique agricole commune (PAC) évolue dans un sens défavorable pour eux.</phrase>
<phrase>Pour maintenir le chiffre d'affaires malgré la baisse du prix des céréales, il faudrait pouvoir s'agrandir, passer de 80 à 120 hectares.</phrase>
<phrase>Mais il faut l'aval de la commission départementale d'orientation agricole, qui estime qu'à 80 hectares il n'y a pas besoin de s'étendre.La situation des Gascuel est comparable.</phrase>
<phrase>Chantal, née en 1957, a toujours vécu à la ferme et a su très tôt qu'elle voulait en faire son métier, au désespoir de mes parents, qui voulaient que je sois fonctionnaire .</phrase>
<phrase>Jean-Sébastien, son compagnon, aura 50 ans l'an prochain.</phrase>
<phrase>Son père était architecte et randonneur assidu.</phrase>
<phrase>Il a su transmettre à son fils le goût de la nature.</phrase>
<phrase>Les deux jeunes gens se rencontrent sur les bancs du lycée agricole au début des années 1980.</phrase>
<phrase>Ils ne se quitteront plus.</phrase>
<phrase>En 1984, ils reprennent l'exploitation du père de Chantal ­ au prix d'un crédit qui court toujours.</phrase>
<phrase>Au début, pendant plusieurs années, c'est difficile.</phrase>
<phrase>Quatre enfants sont venus agrandir le foyer.</phrase>
<phrase>Mais l'exploitation prospère.</phrase>
<phrase>Au début, se souvient Jean-Sébastien, j'étais un productiviste forcené.</phrase>
<phrase>J'ai toujours aimé ce métier dans son aspect technique, et j'ai adhéré au Centre d'études techniques agricoles (CETA), dont j'ai été un administrateur.</phrase>
<phrase>J'étais passionné.
</phrase></texte>
</article>
