<?xml version="1.0" encoding="iso-8859-1"?>
<article>
<date>Thu, 22 Sep 2005 11:22:09 GMT</date>
<auteur>Jean-Yves Nau</auteur>
<titre>Grippe aviaire : la course mondiale pour un vaccin</titre>
<resume>L'OMS a invité à Malte tous les pays à se mobiliser contre une possible pandémie. Les Etats-Unis ont déjà passé d'importants contrats avec les industriels.</resume>
<texte>
<phrase>Jamais les multinationales pharmaceutiques spécialisées dans la production de vaccins n'ont, comme aujourd'hui, été poussées par les responsables gouvernementaux et les organisations internationales à participer à la lutte contre une infection virale qui menace l'humanité tout entière.</phrase>
<phrase>La deuxième conférence européenne sur la grippe organisée à Malte du 10 au 14 septembre a témoigné de la mobilisation croissante de ces firmes.De nombreuses souches 
 Il existe trois types de virus influenza -­ A, B et C -­ responsables des multiples formes d'infections grippales animales et humaines.</phrase>
<phrase>Le A est le plus fréquent.</phrase>
<phrase>Tous les virus de type A isolés à ce jour chez les mammifères sont issus de virus précédemment observés chez des oiseaux migrateurs.</phrase>
<phrase>Les virologistes classent les virus influenza en plusieurs sous-types, selon les caractéristiques antigéniques des molécules présentes à leur surface.</phrase>
<phrase>
 Lors de cette rencontre, le docteur Klaus Stohr, responsable du nouveau département de l'Organisation mondiale de la santé (OMS) en charge de la lutte contre la future pandémie grippale d'origine aviaire, a plaidé à plusieurs reprises pour une mobilisation substantielle de ces industries.</phrase>
<phrase>L'objectif : parvenir à une augmentation massive des capacités de production vaccinale dans le monde.Le docteur Stohr a également lancé un vibrant appel aux responsables gouvernementaux et sanitaires de chaque pays pour qu'ils élaborent des plans nationaux visant à prévenir au mieux les principales conséquences médicales, sociales et économiques d'une telle action.</phrase>
<phrase>Des plans qui comporteraient notamment la constitution rapide de stocks de vaccins efficaces contre la nouvelle souche du virus de la grippe.Pour l'OMS, il faut dès que possible mettre au point et produire en masse les premiers outils vaccinaux contre la pandémie meurtrière qui résulterait du passage à l'homme du virus H5N1 présent en Asie dans certains élevages de volailles et chez les oiseaux migrateurs.Au lendemain de la conférence de Malte, on apprenait la signature d'un contrat, d'un montant de 100 millions de dollars (82,3 millions d'euros), passé par le gouvernement américain à la société Sanofi-Pasteur (groupe Sanofi-Aventis) pour la production d'un vaccin prépandémique (Le Monde du 17 septembre).</phrase>
<phrase>Des négociations sur ce même thème sont, d'autre part, bien avancées avec plusieurs pays de l'Union européenne.Mais faut-il lancer des recherches visant à mettre au point un vaccin contre l'actuel H5N1 alors même que ce virus n'a pas encore acquis, par mutation, les propriétés structurales qui lui permettraient de se transmettre d'homme à homme ? Ou faut-il au contraire attendre que, dans quelques mois ou quelques années, ce virus se soit humanisé avant de commencer à se mobiliser ?Plusieurs des firmes privées qui concentrent désormais l'essentiel des activités mondiales de recherche et de développement en vaccinologie ont clairement opté pour le lancement de travaux fondés sur les connaissances actuelles.</phrase>
<phrase>Ces firmes travaillent aujourd'hui en collaboration étroite avec les centres de référence de l'OMS en charge de la surveillance planétaire de l'évolution génétique et de la circulation géographique saisonnière des virus grippaux.</phrase>
<phrase>Compte tenu de l'impossibilité de cultiver le virus sauvage sur des oeufs (comme c'est le cas pour les virus de la grippe saisonnière), les centres de l'OMS fournissent aux firmes des souches de virus H5N1 génétiquement modifiés.Sanofi-Pasteur, leader mondial de la production industrielle de vaccins contre la grippe, a présenté lors de la conférence de Malte une synthèse des résultats et des perspectives dans ce domaine.Il y a cinq ans, nous avions passé aux Etats-Unis un premier contrat de recherche avec les National Institutes of Health, explique le docteur Agnès Hoffenbach, directeur du programme de recherche et développement chez Sanofi-Pasteur.</phrase>
<phrase>L'installation progressive de la pandémie aviaire a ensuite fait que nous avons été pressés, tant par l'OMS que par différents gouvernements, d'intensifier nos travaux de recherche.</phrase>
<phrase>En mars, la filiale américaine du groupe français a livré 8 000 doses expérimentales d'un vaccin produit à partir de la souche aviaire H5N1.</phrase>
<phrase>Les autorités sanitaires américaines ont lancé aussitôt un premier essai clinique.</phrase>
<phrase>A en croire des articles parus début août dans le Washington Post et le New York Times , les modalités et les résultats de cet essai ont été jugés prometteurs par le professeur Anthony Fauci, directeur de l'Institut national américain des allergies et des maladies infectieuses.Au vu des derniers bilans cliniques obtenus, les autorités sanitaires américaines ont décidé d'augmenter massivement et très rapidement leurs stocks.</phrase>
<phrase>Il est aujourd'hui impossible de dire à quel nombre de doses correspondra le nouveau contrat de 100 millions de dollars.L'une des questions que se posent les spécialistes est celle du dosage en antigènes viraux, ces molécules qui induisent chez la personne vaccinée la synthèse d'anticorps protecteurs contre l'infection grippale.</phrase>
<phrase>Alors que la dose habituelle est de l'ordre de 15 microgrammes, les premiers essais cliniques américains ont été menés sur la base de 90 microgrammes.</phrase>
<phrase>Si ce chiffre était retenu, cela compliquerait notablement la tâche des fabricants.Autre problème : la présence ou non dans le vaccin d'un adjuvant.</phrase>
<phrase>Ce type de molécule permet de stimuler les réactions immunitaires de l'organisme et, partant, de réduire les doses d'antigènes, mais cela peut aussi induire des effets indésirables.C'est la piste suivie par la multinationale américaine Chiron, concurrente directe de Sanofi-Pasteur.</phrase>
<phrase>Pour sa part, la multinationale française s'apprête à lancer en Europe un premier essai clinique auprès de 50 personnes à partir d'un vaccin H5N1 produit en France et ne contenant pas d'adjuvant.Il y a un an, le gouvernement français avait déjà lancé un appel d'offres pour 2 millions de doses de vaccin H5N1.</phrase>
<phrase>L'Etat avait aussi réservé de 20 à 40 millions de vaccins, dont on espère qu'il pourrait être efficace contre l'agent viral pathogène qui sera à l'origine de la future pandémie.
</phrase></texte>
</article>
