<?xml version="1.0" encoding="iso-8859-1"?>
<article>
<date>Thu, 22 Sep 2005 11:19:02 GMT</date>
<auteur>The Times</auteur>
<titre>Les clubs de football anglais s'inquiètent de voir leurs supporteurs bouder les stades</titre>
<resume>Lisez l'intégralité de l'article pour plus d'information.</resume>
<texte>
<phrase>Les Anglais tournent-ils peu à peu le dos à leur championnat de football ? La question agite depuis quelques jours les couloirs de la fédération britannique de football, et les conseils d'administration des grands clubs de la Premier League.</phrase>
<phrase>Leur émoi est dû à la baisse de fréquentation des stades, de l'ordre de 4 %, selon The Times , depuis le début de la saison.En France, des prix parmi les plus bas 
 Selon les résultats d'une étude menée par Don Foster, un député libéral-démocrate britannique, la différence entre les tarifs pratiqués en Angleterre et dans le reste de l'Europe est importante.</phrase>
<phrase>La comparaison est réalisée à partir des abonnements à la saison les moins chers possible, chez les deux premiers de chaque championnat, en 2004-2005.- Angleterre.</phrase>
<phrase>Chelsea : 936 €.</phrase>
<phrase>Arsenal : 1 274 €.- Grèce.</phrase>
<phrase>Olympiakos Le Pirée : 510 €.</phrase>
<phrase>Panathinaïkos Athènes : 270 €.- Espagne.</phrase>
<phrase>FC Barcelone : 260 €.</phrase>
<phrase>Real Madrid : 411 €.- Portugal.</phrase>
<phrase>Benfica Lisbonne : 228 €.</phrase>
<phrase>FC Porto : 240 €.- Allemagne.</phrase>
<phrase>Bayern Munich : 250 €.</phrase>
<phrase>Schalke 04 Gelsenkirchen : 188 €.- Italie.</phrase>
<phrase>Juventus Turin : 220 €.</phrase>
<phrase>Milan AC : 123 €.- France.</phrase>
<phrase>Lyon : 208 €.</phrase>
<phrase>Lille : 125 €.</phrase>
<phrase>
 Le ministre britannique des sports, Richard Caborn, est même venu, mardi 20 septembre, peser de son poids politique dans le débat : Il convient de s'interroger sur la quantité de football qui est diffusée à la télévision et sur le fait de savoir si cela conduit à une baisse de la fréquentation des stades , a-t-il affirmé.</phrase>
<phrase>Je pense que des éléments le montrent clairement.La télévision, grande pourvoyeuse de rentrées financières pour les clubs, n'est pas la seule à être montrée du doigt.</phrase>
<phrase>Les supporteurs, et certains joueurs, incriminent l'inflation des prix des places, tandis que d'autres s'opposent pour savoir si le jeu lui-même a perdu de sa saveur.La Football Association Premier League, qui organise le championnat, a prévu de se pencher sur le problème, en octobre, à l'occasion d'une réunion du groupe de travail chargé de promouvoir la fréquentation des stades.</phrase>
<phrase>Tout en reconnaissant que le débat est d'importance, Dan Johnson, porte-parole de la League, refuse tout emballement : Il est difficile de comparer la fréquentation des stades sur les six premiers matches de cette saison avec les chiffres de l'ensemble de la saison précédente , explique-t-il.</phrase>
<phrase>Il estime, par ailleurs, que le taux de remplissage des stades, qui était de 94 % lors de la saison 2004-2005, devrait être au moins égal, sinon supérieur, pour la saison en cours.En France, pour la saison 2003-2004, le taux de remplissage était de 70 %, selon la Ligue de football professionnel, et il est passé à 74 % pour la saison 2004-2005.Pour expliquer que certains matches attirent moins de spectateurs, Don Foster, un député libéral-démocrate qui a publié une enquête sur le sujet cet été, souligne les prix des abonnements annuels aux matches des grands clubs.</phrase>
<phrase>Ils sont entre trois et six fois plus chers pour un supporteur britannique que pour un supporteur italien, espagnol ou français.Pour Dan Johnson, la question du prix n'est cependant pas primordiale.</phrase>
<phrase>Des équipes comme Chelsea, les Spurs -Tottenham- ou Arsenal, dont les tickets ont un prix élevé, ont pourtant vu la fréquentation de leur stade croître, tandis qu'une équipe comme Blackburn, qui a baissé le prix de ses tickets, a attiré moins de spectateurs , affirme-t-il.D'autres facteurs doivent être pris en compte, selon Derek Fraser, président de l'Independent Football Commission, une institution de régulation du football en Grande-Bretagne.</phrase>
<phrase>Outre la question du prix, les supporteurs regrettent que le calendrier des matches devienne, certains week-ends, compliqué à lire, avec des décalages horaires entre les coups d'envoi des différents matches.</phrase>
<phrase>De plus, l'heure du match est parfois modifiée en cours de saison pour satisfaire les souhaits des chaînes de télévision.Le débat a également pris une tournure sportive avec les échanges à distance ­ et à fleurets mouchetés ­ entre Arsène Wenger, le manager d'Arsenal, et Jose Mourinho, celui de Chelsea.</phrase>
<phrase>Ce dernier affirme que la vocation de son équipe est avant tout de gagner des matches, même si cela doit se faire au détriment de l'intérêt du jeu développé.</phrase>
<phrase>De son côté, M.</phrase>
<phrase>Wenger regrettait, mercredi 14 septembre, l'approche prudente du jeu qui existe aujourd'hui dans toute la Premier League .JEU PLUS PRUDENTLes défenses se font plus imperméables et les consignes de jeu plus prudentes, comme l'a montré, lors de la sixième journée, le match entre Liverpool et Manchester United, qui s'est terminé sur un résultat nul.</phrase>
<phrase>Le championnat britannique affiche aujourd'hui, sur le début de la saison, un ratio de 2,1buts par match, en retrait par rapport à la même période de la saison 2004-2005 (3 buts par match) et de la saison 2003-2004.Le groupe de travail mis en place par la Premier League suit plusieurs pistes.</phrase>
<phrase>La tarification pourrait devenir plus variée, pour tenter de satisfaire les différents publics du football, et notamment les jeunes générations, aux moyens limités.</phrase>
<phrase>L'accompagnement des supporteurs lors des matches à l'extérieur sera également étudié.Les soucis du football britannique prennent de plus une tournure un peu particulière avec la victoire de l'équipe nationale de cricket sur celle de l'Australie, mi-septembre, dans le tournoi des Ashes.</phrase>
<phrase>Cette victoire est venue rappeler à la fédération de football et aux grands clubs que d'autres sports que le football peuvent passionner le pays et générer de fortes audiences télévisées.
</phrase></texte>
</article>
