<?xml version="1.0" encoding="iso-8859-1"?>
<article>
<date>Tue, 27 Sep 2005 18:33:09 GMT</date>
<auteur>Mathieu Prével</auteur>
<titre>Le Stade de France s'ouvre aux compétitions de clubs</titre>
<resume>L'enceinte de Saint-Denis accueille le premier des trois matches de Lille en Ligue des champions</resume>
<texte>
<phrase>Mardi 27 septembre, le Stade de France accueille le match de Ligue des champions opposant Lille aux Espagnols de Villareal.</phrase>
<phrase>Le 15 octobre, le Stade français jouera au même endroit contre le Stade toulousain, pour le compte de la 9e journée du championnat de France de rugby.</phrase>
<phrase>Ces rencontres traduisent la politique de rapprochement des clubs voulue par les dirigeants de l'enceinte de Saint-Denis (Seine-Saint-Denis), plus habitués à organiser des rencontres internationales ou des grands événements, sportifs ou non.Lille fait campagne pour un stadeAccrochés à un panneau d'agglomération de la ville de Lille, deux panneaux d'interdiction : l'un montre un ballon de football, l'autre un drapeau européen.</phrase>
<phrase>Ce visuel est apparu dans plusieurs quotidiens nationaux et dans La Voix du Nord et Nord Eclair , mardi 27 septembre, le jour où Lille dispute son premier match de Ligue des champions à domicile...</phrase>
<phrase>au Stade de France, à Saint-Denis.</phrase>
<phrase>L'enjeu de cette campagne publicitaire conçue par Publicis Consultants : faire pression pour obtenir un stade pour le LOSC, actuellement privé de stade à Lille, depuis que le projet de rénovation de son enceinte traditionnelle, Grimonprez-Jooris, est bloqué pour des raisons juridico-administratives.</phrase>
<phrase>Parallèlement à cette campagne déclinée aussi sur Internet, Michel Seydoux, le président du LOSC, devait profiter d'une conférence de presse organisée mardi 27 septembre à Paris, au siège de Publicis, pour proposer un marché : soit il obtient un stade, un atout essentiel selon lui pour garder ses joueurs et maintenir l'équipe à son niveau, soit il cherche une autre solution...</phrase>
<phrase>ailleurs.Privé de club résidant, le Stade de France se cherche une âme, une quête infructueuse depuis sa construction pour la Coupe du monde de football 1998.</phrase>
<phrase>Cependant, en hébergeant les trois matches à domicile de Lille pour la première phase de la Ligue des champions (Lille-Villareal le 27 septembre, puis Lille-Manchester United le 2 novembre, et Lille-Benfica le 22 novembre), le Stade de France entend démontrer que ses efforts pour trouver un club résidant ne sont pas vains.Si le consortium du Stade de France et Lille réfléchissent à une collaboration depuis trois ans, cette collaboration temporaire est aussi le fruit d'un concours de circonstances défavorables aux Nordistes.</phrase>
<phrase>Depuis 2003, le plan de rénovation du stade Grimonprez-Jooris ­ pour porter sa capacité à 35 000 places ­ traîne en longueur.</phrase>
<phrase>Les travaux devaient débuter à l'été 2004, mais le projet s'est heurté à une série d'obstacles juridiques et politiques (Le Monde du 26 juillet).En attendant, depuis juillet 2004, les Lillois jouent dans l'exigu stade de Villeneuve-d'Ascq (18 000 places).</phrase>
<phrase>Mais celui-ci n'étant pas homologué pour les matches européens, Lille a dû louer l'arène de Saint-Denis pour ses rencontres de Ligue des champions.</phrase>
<phrase>Pour le premier de ces trois matches, le Stade de France devait ouvrir dans sa configuration minimale (50 000 places) : moins de 35 000 spectateurs étaient attendus.</phrase>
<phrase>Mais pour les réceptions de Manchester et du Benfica, Pascal Simonin, le directeur général délégué du consortium du Stade de France, espère ouvrir les trois anneaux de l'enceinte, capables d'accueillir jusqu'à 80 000 personnes.</phrase>
<phrase>Pour nous, c'est un moment fort , souligne-t-il.Selon M.</phrase>
<phrase>Simonin, même si elle n'offre aucune perspective à long terme, la venue de Lille représente l'aboutissement d'une politique de rapprochement des clubs .</phrase>
<phrase>Jusque-là, mis à part les événements culturels, l'enceinte de Saint-Denis accueillait des grandes compétitions internationales ­ le Mondial 1998 de football, les championnats du monde d'athlétisme 2003, la finale de la Ligue des champions 2000 ­, les matches des équipes de France de football et de rugby, les finales de la Coupe de la Ligue et de la Coupe de France de football, du championnat de France de rugby.A présent, le consortium propose également ses services aux clubs à chaque match exceptionnel .</phrase>
<phrase>Au passage, les dirigeants du consortium essayent de prouver à l'Etat ­ qui verse une compensation annuelle de 12 millions d'euros en l'absence de club résidant ­ qu'ils recherchent activement un hôte permanent.Côté rugby, Pascal Simonin veut permettre au Stade français d'imaginer une politique de partenariat à long terme .</phrase>
<phrase>La rencontre Stade français ­ Stade toulousain, prévue à Saint-Denis le 15 octobre, s'inscrira-t-elle dans la durée ? Pour Max Guazzini, président du Stade français, il ne faut pas banaliser l'exceptionnel et rien n'est encore à l'ordre du jour .</phrase>
<phrase>Si le public est là, il ne faut pas se brider , s'enthousiasme pourtant Pascal Simonin.</phrase>
<phrase>A trois semaines d'une confrontation entre les deux clubs les plus titrés du rugby français, il ne resterait déjà plus que 4 000 places à vendre sur 80 000 disponibles.Les records d'affluence pour un match de championnat de France de rugby (45 000 personnes lors de Stade français ­ Stade toulousain au Parc des Princes, le 30 avril), mais aussi pour un match de championnat de France tous sports confondus (57 600 personnes lors de Marseille-Paris-Saint-Germain, le 8 avril 1998), devraient être battus.</phrase>
<phrase>Après avoir essuyé le refus du Paris-Saint-Germain de prêter le Parc des Princes, Max Guazzini est agréablement surpris : Les ventes dépassent ce que tout le monde pouvait imaginer , reconnaît-il.LOYER VARIABLECe succès résulte d'une politique tarifaire très accessible et d'une volonté d'élargir le public du rugby.</phrase>
<phrase>La moitié des places a été mise en vente à un prix entre 5 et 10 euros.</phrase>
<phrase>Le sport est un spectacle , affirme Max Guazzini.</phrase>
<phrase>A quoi ça sert de faire de la compétition si on ne tente pas des paris fous et extrêmes.</phrase>
<phrase>Et lucratifs ? Il ne s'agit pas que d'une opération commerciale , se défend-il.</phrase>
<phrase>Cet événement va engendrer une grande fête populaire.Pour Lille et pour les Parisiens, le prêt du Stade de France prévoit un loyer variable selon les recettes réalisées.</phrase>
<phrase>Tous les protagonistes ont refusé de communiquer sur les détails du contrat.</phrase>
<phrase>Si on gagne un peu d'argent, on ne va pas s'en plaindre , avoue cependant Max Guazzini.</phrase>
<phrase>Or, pour un club tel que le Stade français, le seuil d'amortissement de l'opération se situerait environ à 25 000 places vendues...Malgré cette belle aventure pour le club de rugby de la capitale, pour le Stade de France, les perspectives de trouver un club résidant demeurent toujours floues.</phrase>
<phrase>Quel club francilien serait aujourd'hui capable d'attirer 60 000 à 70 000 personnes chaque week-end ? Pour le Stade français comme pour le Paris-Saint-Germain, toujours aussi attaché à son Parc des Princes, la question ne se pose pas.</phrase>
<phrase>Ces coopérations successives vont donc permettre aux dirigeants du consortium d'observer comment cela marche .</phrase>
<phrase>Mais elles n'annoncent pas pour autant l'arrivée prochaine d'un club résidant permanent.
</phrase></texte>
</article>
