<?xml version="1.0" encoding="iso-8859-1"?>
<article>
<date>Wed, 28 Sep 2005 11:27:21 GMT</date>
<auteur>Rosita Boisseau</auteur>
<titre>Danse : Robyn Orlin et ses danseurs sud-africains au CND à Pantin</titre>
<resume>La pièce sur le sida, créée en 2002 à Paris, commence une nouvelle tournée en Ile-de-France.</resume>
<texte>
<phrase>Des seaux en plastique rouge, un bac rempli de sucettes rouges, quelques peluches multicolores, des petits jouets à roulettes tels qu'on les fabrique en Afrique avec des boîtes de conserves...</phrase>
<phrase>ce sont les accessoires modestes mais imparables du spectacle sur le sida de la chorégraphe sud-africaine Robyn Orlin, We Must Eat Our Suckers with the Wrappers on...</phrase>
<phrase>(On doit manger nos sucettes avec le papier),créé en 2002 au Théâtre de la Ville à Paris (Le Monde du 22 février 2002).Dans le grand studio du Centre national de la danse à Pantin (Seine-Saint-Denis), où la pièce commence une nouvelle tournée en Ile-de-France, les quinze danseurs sud-africains, frais débarqués de Johannesburg, passent et repassent, qui attaquant des sandwichs à pleines dents, qui murmurant un blues très doux, qui glapissant de rire.</phrase>
<phrase>On est vraiment heureux d'être ici, glisse Tshepo Gaborone.</phrase>
<phrase>Paris nous aime et nous le lui rendons bien.</phrase>
<phrase>Et puis, c'est un miracle queça marche aussi bien et que nous soyons tous ici rassemblés pour jouer.</phrase>
<phrase>Il y a un tel amour entre nous tous que nous nous mettons en quatre dès qu'il y a des dates de tournée.Tshepo Gaborone, 33 ans, est originaire de la province de Northern Cape, l'une des plus étendues et l'une des plus désertiques d'Afrique du Sud.</phrase>
<phrase>Avec un groupe d'amis, soutenu par l'entreprise de téléphonie Vodacom, il a mis en place depuis sept ans une petite troupe de théâtre qui anime des ateliers et des performances dans les écoles à partir des textes sud-africains étudiés par les enfants.</phrase>
<phrase>Son réseau : six cents écoles qu'il relie en bus.</phrase>
<phrase>Autant dire que, pour lui, tourner avec Robyn Orlin ressemble à des vacances.Tous les autres interprètes de cette pièce hors du commun s'accrochent, entre jobs alimentaires, télévision et théâtre, à des emplois du temps acrobatiques à la mesure des difficultés locales pour trouver du boulot et le conserver.</phrase>
<phrase>Il faut un agent pour vraiment percer sur scène chez nous, commente Prince Mngomezulu, 27 ans, qui se présente aussi comme écrivain et raconte sa vie en la scandant tel un poème.</phrase>
<phrase>Par ailleurs, dans un contexte théâtral de plus en plus commercial, c'est l'individualisme qui domine aujourd'hui dans la profession alors qu'auparavant nous nous serrions les coudes.</phrase>
<phrase>C'est aussi pour cette raison que la pièce de Robyn est précieuse.DANS LES TOWNSHIPSAutant dire que l'aventure de We Must Eat Our Suckers...</phrase>
<phrase>relève de l'anomalie.</phrase>
<phrase>En 2001, les danseurs, tous issus de familles pauvres habitant les townships, faisaient leurs études au Market Theater Laboratory de Johannesburg.</phrase>
<phrase>Pour le spectacle de fin d'année, Robyn Orlin, surnommée l'Irritation permanente dans son pays où elle donnait des cours de danse dans les townships sous le régime de l'apartheid, leur proposa de travailler sur le sida, qui ravage le pays.</phrase>
<phrase>L'idée m'est venue de façon très simple, explique la chorégraphe, en résidence au CND pour deux ans.</phrase>
<phrase>Ils arrivaient souvent en retard aux cours et lorsque j'ai fini par leur demander pourquoi, nombreux sont ceux qui me disaient qu'ils revenaient de l'enterrement d'un ami ou d'un membre de leur famille mort du sida.</phrase>
<phrase>On a donc décidé de travailler là-dessus.</phrase>
<phrase>A partir d'improvisations des danseurs, de leurs confidences, de chansons interprétées dans la dizaine de langues parlées en Afrique du Sud, a grandi un spectacle paradoxalement fragile et guerrier, douloureux et optimiste, noué par le désir de faire cause commune à travers la maladie et la mort.</phrase>
<phrase>Ici, le sida fait peur et vous met au ban de la société, raconte Richard Manamela, 29 ans.</phrase>
<phrase>En jouant, j'ai trouvé la liberté de parler en mon nom du sida, mais je suis aussi la voix de ceux qui sont malades.</phrase>
<phrase>A notre niveau, on fait partie de la solution pour que ça aille mieux, ici ou là-bas, et j'en suis fier.We Must Eat Our Suckers With the Wrappers on, de Robyn Orlin.</phrase>
<phrase>Centre national de la danse, 1, rue Victor-Hugo, Pantin (Seine-Saint-Denis).</phrase>
<phrase>Tél.</phrase>
<phrase>: 01-41-83-98-98.</phrase>
<phrase>De 8 € à 14 €.</phrase>
<phrase>Jusqu'au 5 octobre.</phrase>
<phrase>Puis en tournée en Ile-de-France.
</phrase></texte>
</article>
